0,25,0,0
0.01,24.995,0.049997,-1.0095
0.02,24.98,0.099973,-3.0285
0.03,24.955,0.14991,-5.0475
0.04,24.919,0.19978,-7.0665
0.05,24.874,0.24958,-9.0855
0.06,24.818,0.29927,-11.105
0.07,24.754,0.34885,-12.875
0.08,24.682,0.39828,-14.304
0.09,24.605,0.44757,-15.45
0.1,24.523,0.4967,-16.366
0.11,24.438,0.54566,-17.098
0.12,24.349,0.59445,-17.679
0.13,24.259,0.64306,-18.14
0.14,24.166,0.69148,-18.502
0.15,24.072,0.73972,-18.785
0.16,23.977,0.78777,-19.004
0.17,23.881,0.83563,-19.171
0.18,23.785,0.8833,-19.296
0.19,23.688,0.93077,-19.387
0.2,23.591,0.97805,-19.45
0.21,23.493,1.0251,-19.492
0.22,23.396,1.072,-19.515
0.23,23.298,1.1187,-19.524
0.24,23.2,1.1652,-19.522
0.25,23.103,1.2115,-19.51
0.26,23.005,1.2576,-19.49
0.27,22.908,1.3035,-19.464
0.28,22.811,1.3493,-19.433
0.29,22.714,1.3948,-19.398
0.3,22.617,1.4401,-19.36
0.31,22.521,1.4853,-19.319
0.32,22.424,1.5302,-19.277
0.33,22.328,1.575,-19.232
0.34,22.232,1.6195,-19.186
0.35,22.136,1.6639,-19.139
0.36,22.041,1.7081,-19.092
0.37,21.946,1.752,-19.043
0.38,21.851,1.7958,-18.994
0.39,21.756,1.8394,-18.945
0.4,21.662,1.8829,-18.895
0.41,21.567,1.9261,-18.845
0.42,21.473,1.9691,-18.795
0.43,21.38,2.012,-18.744
0.44,21.286,2.0547,-18.694
0.45,21.193,2.0971,-18.643
0.46,21.1,2.1394,-18.593
0.47,21.007,2.1815,-18.542
0.48,20.915,2.2235,-18.492
0.49,20.823,2.2652,-18.441
0.5,20.731,2.3067,-18.39
0.51,20.639,2.3481,-18.34
0.52,20.548,2.3893,-18.289
0.53,20.456,2.4303,-18.239
0.54,20.365,2.4711,-18.189
0.55,20.275,2.5118,-18.138
0.56,20.184,2.5522,-18.088
0.57,20.094,2.5925,-18.038
0.58,20.004,2.6326,-17.988
0.59,19.914,2.6725,-17.938
0.6,19.825,2.7123,-17.888
0.61,19.736,2.7518,-17.838
0.62,19.647,2.7912,-17.788
0.63,19.558,2.8304,-17.738
0.64,19.47,2.8694,-17.688
0.65,19.382,2.9083,-17.638
0.66,19.294,2.947,-17.589
0.67,19.206,2.9855,-17.539
0.68,19.119,3.0238,-17.49
0.69,19.031,3.0619,-17.44
0.7,18.944,3.0999,-17.391
0.71,18.858,3.1377,-17.342
0.72,18.771,3.1753,-17.292
0.73,18.685,3.2128,-17.243
0.74,18.599,3.2501,-17.194
0.75,18.513,3.2872,-17.145
0.76,18.428,3.3241,-17.096
0.77,18.343,3.3609,-17.048
0.78,18.258,3.3975,-16.999
0.79,18.173,3.4339,-16.95
0.8,18.088,3.4702,-16.901
0.81,18.004,3.5063,-16.853
0.82,17.92,3.5422,-16.804
0.83,17.836,3.578,-16.756
0.84,17.753,3.6136,-16.708
0.85,17.669,3.649,-16.659
0.86,17.586,3.6842,-16.611
0.87,17.504,3.7193,-16.563
0.88,17.421,3.7543,-16.515
0.89,17.339,3.789,-16.467
0.9,17.257,3.8236,-16.419
0.91,17.175,3.858,-16.371
0.92,17.093,3.8923,-16.324
0.93,17.012,3.9264,-16.276
0.94,16.931,3.9604,-16.229
0.95,16.85,3.9941,-16.181
0.96,16.769,4.0278,-16.134
0.97,16.689,4.0612,-16.086
0.98,16.608,4.0945,-16.039
0.99,16.528,4.1276,-15.992
1,16.449,4.1606,-15.945
1.01,16.369,4.1934,-15.898
1.02,16.29,4.2261,-15.851
1.03,16.211,4.2586,-15.804
1.04,16.132,4.2909,-15.757
1.05,16.054,4.3231,-15.71
1.06,15.975,4.3552,-15.663
1.07,15.897,4.387,-15.617
1.08,15.819,4.4187,-15.57
1.09,15.742,4.4503,-15.524
1.1,15.664,4.4817,-15.477
1.11,15.587,4.513,-15.431
1.12,15.51,4.5441,-15.385
1.13,15.434,4.575,-15.339
1.14,15.357,4.6058,-15.293
1.15,15.281,4.6364,-15.247
1.16,15.205,4.6669,-15.201
1.17,15.129,4.6973,-15.155
1.18,15.053,4.7274,-15.109
1.19,14.978,4.7575,-15.064
1.2,14.903,4.7873,-15.018
1.21,14.828,4.8171,-14.972
1.22,14.754,4.8467,-14.927
1.23,14.679,4.8761,-14.882
1.24,14.605,4.9054,-14.836
1.25,14.531,4.9345,-14.791
1.26,14.457,4.9635,-14.746
1.27,14.384,4.9923,-14.701
1.28,14.311,5.021,-14.656
1.29,14.237,5.0496,-14.611
1.3,14.165,5.078,-14.566
1.31,14.092,5.1062,-14.521
1.32,14.02,5.1344,-14.477
1.33,13.947,5.1623,-14.432
1.34,13.876,5.1901,-14.388
1.35,13.804,5.2178,-14.343
1.36,13.732,5.2454,-14.299
1.37,13.661,5.2728,-14.255
1.38,13.59,5.3,-14.21
1.39,13.519,5.3271,-14.166
1.4,13.449,5.3541,-14.122
1.41,13.378,5.3809,-14.078
1.42,13.308,5.4076,-14.034
1.43,13.238,5.4341,-13.991
1.44,13.168,5.4605,-13.947
1.45,13.099,5.4868,-13.903
1.46,13.03,5.5129,-13.86
1.47,12.96,5.5389,-13.816
1.48,12.892,5.5648,-13.773
1.49,12.823,5.5905,-13.729
1.5,12.754,5.6161,-13.686
1.51,12.686,5.6415,-13.643
1.52,12.618,5.6668,-13.6
1.53,12.55,5.692,-13.557
1.54,12.483,5.717,-13.514
1.55,12.416,5.7419,-13.471
1.56,12.348,5.7667,-13.428
1.57,12.282,5.7913,-13.386
1.58,12.215,5.8158,-13.343
1.59,12.148,5.8402,-13.3
1.6,12.082,5.8644,-13.258
1.61,12.016,5.8885,-13.215
1.62,11.95,5.9125,-13.173
1.63,11.884,5.9363,-13.131
1.64,11.819,5.96,-13.089
1.65,11.754,5.9836,-13.047
1.66,11.689,6.007,-13.005
1.67,11.624,6.0303,-12.963
1.68,11.559,6.0535,-12.921
1.69,11.495,6.0766,-12.879
1.7,11.431,6.0995,-12.838
1.71,11.367,6.1223,-12.796
1.72,11.303,6.145,-12.754
1.73,11.239,6.1675,-12.713
1.74,11.176,6.1899,-12.672
1.75,11.113,6.2122,-12.63
1.76,11.05,6.2344,-12.589
1.77,10.987,6.2564,-12.548
1.78,10.925,6.2783,-12.507
1.79,10.862,6.3001,-12.466
1.8,10.8,6.3218,-12.425
1.81,10.738,6.3433,-12.384
1.82,10.677,6.3647,-12.344
1.83,10.615,6.386,-12.303
1.84,10.554,6.4072,-12.263
1.85,10.493,6.4282,-12.222
1.86,10.432,6.4492,-12.182
1.87,10.371,6.47,-12.141
1.88,10.31,6.4906,-12.101
1.89,10.25,6.5112,-12.061
1.9,10.19,6.5316,-12.021
1.91,10.13,6.552,-11.981
1.92,10.07,6.5722,-11.941
1.93,10.011,6.5922,-11.901
1.94,9.9516,6.6122,-11.861
1.95,9.8925,6.632,-11.822
1.96,9.8336,6.6518,-11.782
1.97,9.7749,6.6714,-11.743
1.98,9.7164,6.6909,-11.703
1.99,9.6581,6.7102,-11.664
2,9.6,6.7295,-11.625
2.01,9.542,6.7486,-11.585
2.02,9.4843,6.7677,-11.546
2.03,9.4268,6.7866,-11.507
2.04,9.3694,6.8054,-11.468
2.05,9.3123,6.8241,-11.429
2.06,9.2553,6.8426,-11.391
2.07,9.1986,6.8611,-11.352
2.08,9.142,6.8794,-11.313
2.09,9.0856,6.8977,-11.275
2.1,9.0294,6.9158,-11.236
2.11,8.9734,6.9338,-11.198
2.12,8.9176,6.9517,-11.16
2.13,8.862,6.9694,-11.121
2.14,8.8066,6.9871,-11.083
2.15,8.7514,7.0047,-11.045
2.16,8.6964,7.0221,-11.007
2.17,8.6415,7.0395,-10.969
2.18,8.5869,7.0567,-10.931
2.19,8.5324,7.0738,-10.894
2.2,8.4781,7.0908,-10.856
2.21,8.424,7.1077,-10.818
2.22,8.3701,7.1245,-10.781
2.23,8.3164,7.1412,-10.743
2.24,8.2629,7.1578,-10.706
2.25,8.2095,7.1742,-10.669
2.26,8.1564,7.1906,-10.632
2.27,8.1034,7.2069,-10.594
2.28,8.0506,7.223,-10.557
2.29,7.998,7.2391,-10.52
2.3,7.9456,7.255,-10.484
2.31,7.8934,7.2709,-10.447
2.32,7.8413,7.2866,-10.41
2.33,7.7894,7.3022,-10.373
2.34,7.7378,7.3177,-10.337
2.35,7.6863,7.3332,-10.3
2.36,7.6349,7.3485,-10.264
2.37,7.5838,7.3637,-10.228
2.38,7.5328,7.3788,-10.191
2.39,7.4821,7.3938,-10.155
2.4,7.4315,7.4088,-10.119
2.41,7.3811,7.4236,-10.083
2.42,7.3308,7.4383,-10.047
2.43,7.2808,7.4529,-10.011
2.44,7.2309,7.4674,-9.9756
2.45,7.1812,7.4818,-9.9399
2.46,7.1317,7.4961,-9.9043
2.47,7.0823,7.5103,-9.8687
2.48,7.0331,7.5245,-9.8333
2.49,6.9842,7.5385,-9.7979
2.5,6.9353,7.5524,-9.7626
2.51,6.8867,7.5662,-9.7274
2.52,6.8382,7.5799,-9.6923
2.53,6.79,7.5936,-9.6572
2.54,6.7419,7.6071,-9.6222
2.55,6.6939,7.6205,-9.5873
2.56,6.6462,7.6339,-9.5525
2.57,6.5986,7.6471,-9.5177
2.58,6.5511,7.6603,-9.4831
2.59,6.5039,7.6733,-9.4485
2.6,6.4568,7.6863,-9.414
2.61,6.4099,7.6992,-9.3795
2.62,6.3632,7.7119,-9.3452
2.63,6.3167,7.7246,-9.3109
2.64,6.2703,7.7372,-9.2767
2.65,6.2241,7.7497,-9.2426
2.66,6.178,7.7621,-9.2086
2.67,6.1321,7.7744,-9.1746
2.68,6.0864,7.7866,-9.1407
2.69,6.0409,7.7987,-9.1069
2.7,5.9955,7.8108,-9.0732
2.71,5.9503,7.8227,-9.0395
2.72,5.9053,7.8346,-9.006
2.73,5.8605,7.8464,-8.9725
2.74,5.8158,7.858,-8.9391
2.75,5.7712,7.8696,-8.9057
2.76,5.7269,7.8811,-8.8725
2.77,5.6827,7.8925,-8.8393
2.78,5.6386,7.9038,-8.8062
2.79,5.5948,7.9151,-8.7731
2.8,5.5511,7.9262,-8.7402
2.81,5.5075,7.9373,-8.7073
2.82,5.4642,7.9483,-8.6745
2.83,5.421,7.9591,-8.6418
2.84,5.3779,7.9699,-8.6092
2.85,5.335,7.9807,-8.5766
2.86,5.2923,7.9913,-8.5441
2.87,5.2497,8.0018,-8.5117
2.88,5.2073,8.0123,-8.4794
2.89,5.1651,8.0226,-8.4471
2.9,5.123,8.0329,-8.4149
2.91,5.0811,8.0431,-8.3828
2.92,5.0394,8.0533,-8.3508
2.93,4.9978,8.0633,-8.3189
2.94,4.9563,8.0733,-8.287
2.95,4.9151,8.0831,-8.2552
2.96,4.8739,8.0929,-8.2235
2.97,4.833,8.1026,-8.1918
2.98,4.7922,8.1122,-8.1603
2.99,4.7515,8.1218,-8.1288
3,4.7111,8.1313,-8.0974
3.01,4.6707,8.1406,-8.066
3.02,4.6306,8.1499,-8.0348
3.03,4.5905,8.1592,-8.0036
3.04,4.5507,8.1683,-7.9725
3.05,4.511,8.1774,-7.9414
3.06,4.4714,8.1863,-7.9105
3.07,4.432,8.1952,-7.8796
3.08,4.3928,8.2041,-7.8488
3.09,4.3537,8.2128,-7.8181
3.1,4.3147,8.2215,-7.7874
3.11,4.276,8.2301,-7.7568
3.12,4.2373,8.2386,-7.7263
3.13,4.1988,8.247,-7.6959
3.14,4.1605,8.2554,-7.6655
3.15,4.1223,8.2637,-7.6353
3.16,4.0843,8.2719,-7.6051
3.17,4.0464,8.28,-7.5749
3.18,4.0087,8.2881,-7.5449
3.19,3.9711,8.296,-7.5149
3.2,3.9337,8.3039,-7.485
3.21,3.8964,8.3118,-7.4552
3.22,3.8593,8.3195,-7.4254
3.23,3.8223,8.3272,-7.3957
3.24,3.7855,8.3348,-7.3661
3.25,3.7488,8.3424,-7.3366
3.26,3.7123,8.3498,-7.3072
3.27,3.6759,8.3572,-7.2778
3.28,3.6397,8.3645,-7.2485
3.29,3.6036,8.3718,-7.2192
3.3,3.5676,8.3789,-7.1901
3.31,3.5318,8.386,-7.161
3.32,3.4961,8.3931,-7.132
3.33,3.4606,8.4,-7.1031
3.34,3.4253,8.4069,-7.0742
3.35,3.39,8.4137,-7.0454
3.36,3.355,8.4205,-7.0167
3.37,3.32,8.4271,-6.988
3.38,3.2852,8.4337,-6.9595
3.39,3.2506,8.4403,-6.931
3.4,3.216,8.4467,-6.9026
3.41,3.1817,8.4531,-6.8742
3.42,3.1474,8.4595,-6.8459
3.43,3.1134,8.4657,-6.8177
3.44,3.0794,8.4719,-6.7896
3.45,3.0456,8.4781,-6.7616
3.46,3.0119,8.4841,-6.7336
3.47,2.9784,8.4901,-6.7057
3.48,2.945,8.496,-6.6778
3.49,2.9118,8.5019,-6.6501
3.5,2.8787,8.5077,-6.6224
3.51,2.8457,8.5134,-6.5948
3.52,2.8128,8.5191,-6.5672
3.53,2.7801,8.5246,-6.5397
3.54,2.7476,8.5302,-6.5123
3.55,2.7152,8.5356,-6.485
3.56,2.6829,8.541,-6.4577
3.57,2.6507,8.5464,-6.4306
3.58,2.6187,8.5516,-6.4034
3.59,2.5868,8.5568,-6.3764
3.6,2.5551,8.562,-6.3494
3.61,2.5235,8.5671,-6.3225
3.62,2.492,8.5721,-6.2957
3.63,2.4606,8.577,-6.269
3.64,2.4294,8.5819,-6.2423
3.65,2.3983,8.5867,-6.2157
3.66,2.3674,8.5915,-6.1891
3.67,2.3366,8.5962,-6.1626
3.68,2.3059,8.6009,-6.1362
3.69,2.2754,8.6054,-6.1099
3.7,2.2449,8.61,-6.0836
3.71,2.2146,8.6144,-6.0575
3.72,2.1845,8.6188,-6.0313
3.73,2.1545,8.6232,-6.0053
3.74,2.1246,8.6274,-5.9793
3.75,2.0948,8.6317,-5.9534
3.76,2.0652,8.6358,-5.9276
3.77,2.0357,8.6399,-5.9018
3.78,2.0063,8.644,-5.8761
3.79,1.977,8.6479,-5.8505
3.8,1.9479,8.6519,-5.8249
3.81,1.9189,8.6557,-5.7994
3.82,1.89,8.6595,-5.774
3.83,1.8613,8.6633,-5.7487
3.84,1.8327,8.667,-5.7234
3.85,1.8042,8.6706,-5.6982
3.86,1.7758,8.6742,-5.6731
3.87,1.7476,8.6777,-5.648
3.88,1.7195,8.6812,-5.623
3.89,1.6915,8.6846,-5.5981
3.9,1.6636,8.688,-5.5732
3.91,1.6359,8.6913,-5.5484
3.92,1.6082,8.6945,-5.5237
3.93,1.5807,8.6977,-5.499
3.94,1.5534,8.7008,-5.4744
3.95,1.5261,8.7039,-5.4499
3.96,1.499,8.7069,-5.4255
3.97,1.472,8.7099,-5.4011
3.98,1.4451,8.7128,-5.3768
3.99,1.4183,8.7157,-5.3525
4,1.3917,8.7185,-5.3283
4.01,1.3652,8.7213,-5.3042
4.02,1.3388,8.724,-5.2802
4.03,1.3125,8.7266,-5.2562
4.04,1.2863,8.7292,-5.2323
4.05,1.2603,8.7318,-5.2085
4.06,1.2344,8.7342,-5.1847
4.07,1.2086,8.7367,-5.161
4.08,1.1829,8.7391,-5.1373
4.09,1.1573,8.7414,-5.1138
4.1,1.1319,8.7437,-5.0903
4.11,1.1065,8.7459,-5.0668
4.12,1.0813,8.7481,-5.0435
4.13,1.0562,8.7503,-5.0202
4.14,1.0312,8.7524,-4.9969
4.15,1.0064,8.7544,-4.9738
4.16,0.9816,8.7564,-4.9507
4.17,0.95696,8.7583,-4.9276
4.18,0.93244,8.7602,-4.9046
4.19,0.90803,8.7621,-4.8817
4.2,0.88374,8.7638,-4.8589
4.21,0.85956,8.7656,-4.8361
4.22,0.83549,8.7673,-4.8134
4.23,0.81154,8.7689,-4.7908
4.24,0.78769,8.7705,-4.7682
4.25,0.76397,8.7721,-4.7457
4.26,0.74035,8.7736,-4.7232
4.27,0.71685,8.775,-4.7009
4.28,0.69345,8.7765,-4.6785
4.29,0.67017,8.7778,-4.6563
4.3,0.647,8.7791,-4.6341
4.31,0.62394,8.7804,-4.612
4.32,0.60099,8.7816,-4.5899
4.33,0.57815,8.7828,-4.5679
4.34,0.55542,8.7839,-4.546
4.35,0.5328,8.785,-4.5242
4.36,0.51029,8.7861,-4.5024
4.37,0.48789,8.7871,-4.4806
4.38,0.46559,8.788,-4.459
4.39,0.4434,8.7889,-4.4374
4.4,0.42133,8.7898,-4.4158
4.41,0.39935,8.7906,-4.3943
4.42,0.37749,8.7914,-4.3729
4.43,0.35573,8.7921,-4.3516
4.44,0.33408,8.7928,-4.3303
4.45,0.31253,8.7935,-4.3091
4.46,0.29109,8.7941,-4.2879
4.47,0.26976,8.7946,-4.2668
4.48,0.24853,8.7952,-4.2458
4.49,0.22741,8.7956,-4.2248
4.5,0.20639,8.7961,-4.2039
4.51,0.18547,8.7965,-4.1831
4.52,0.16466,8.7968,-4.1623
4.53,0.14395,8.7971,-4.1416
4.54,0.12335,8.7974,-4.1209
4.55,0.10285,8.7976,-4.1003
4.56,0.082449,8.7978,-4.0798
4.57,0.062152,8.7979,-4.0593
4.58,0.041957,8.798,-4.0389
4.59,0.021865,8.7981,-4.0186
4.6,0.0018733,8.7981,-3.9983
4.61,-0.018017,8.7981,-3.9781
4.62,-0.037806,8.7981,-3.9579
4.63,-0.057495,8.798,-3.9378
4.64,-0.077084,8.7978,-3.9178
4.65,-0.096573,8.7977,-3.8978
4.66,-0.11596,8.7974,-3.8779
4.67,-0.13525,8.7972,-3.858
4.68,-0.15444,8.7969,-3.8382
4.69,-0.17354,8.7966,-3.8185
4.7,-0.19253,8.7962,-3.7988
4.71,-0.21143,8.7958,-3.7792
4.72,-0.23022,8.7954,-3.7597
4.73,-0.24893,8.7949,-3.7402
4.74,-0.26753,8.7944,-3.7208
4.75,-0.28604,8.7938,-3.7014
4.76,-0.30445,8.7932,-3.6821
4.77,-0.32276,8.7926,-3.6628
4.78,-0.34098,8.7919,-3.6436
4.79,-0.3591,8.7912,-3.6245
4.8,-0.37713,8.7905,-3.6054
4.81,-0.39506,8.7897,-3.5864
4.82,-0.4129,8.7889,-3.5675
4.83,-0.43064,8.7881,-3.5486
4.84,-0.44829,8.7872,-3.5298
4.85,-0.46585,8.7863,-3.511
4.86,-0.48331,8.7853,-3.4923
4.87,-0.50067,8.7843,-3.4736
4.88,-0.51795,8.7833,-3.455
4.89,-0.53513,8.7823,-3.4365
4.9,-0.55222,8.7812,-3.418
4.91,-0.56922,8.7801,-3.3996
4.92,-0.58613,8.7789,-3.3812
4.93,-0.60294,8.7777,-3.3629
4.94,-0.61967,8.7765,-3.3447
4.95,-0.6363,8.7752,-3.3265
4.96,-0.65284,8.7739,-3.3084
4.97,-0.66929,8.7726,-3.2903
4.98,-0.68565,8.7713,-3.2723
4.99,-0.70192,8.7699,-3.2544
5,-0.71811,8.7685,-3.2365
5.01,-0.7342,8.767,-3.2186
5.02,-0.7502,8.7655,-3.2008
5.03,-0.76612,8.764,-3.1831
5.04,-0.78195,8.7625,-3.1655
5.05,-0.79769,8.7609,-3.1478
5.06,-0.81334,8.7593,-3.1303
5.07,-0.8289,8.7576,-3.1128
5.08,-0.84438,8.756,-3.0954
5.09,-0.85977,8.7543,-3.078
5.1,-0.87507,8.7525,-3.0606
5.11,-0.89029,8.7508,-3.0434
5.12,-0.90542,8.749,-3.0262
5.13,-0.92046,8.7471,-3.009
5.14,-0.93542,8.7453,-2.9919
5.15,-0.9503,8.7434,-2.9749
5.16,-0.96509,8.7415,-2.9579
5.17,-0.97979,8.7395,-2.9409
5.18,-0.99441,8.7376,-2.9241
5.19,-1.0089,8.7355,-2.9072
5.2,-1.0234,8.7335,-2.8905
5.21,-1.0378,8.7315,-2.8738
5.22,-1.0521,8.7294,-2.8571
5.23,-1.0663,8.7272,-2.8405
5.24,-1.0804,8.7251,-2.824
5.25,-1.0944,8.7229,-2.8075
5.26,-1.1084,8.7207,-2.791
5.27,-1.1222,8.7185,-2.7746
5.28,-1.136,8.7162,-2.7583
5.29,-1.1497,8.7139,-2.742
5.3,-1.1634,8.7116,-2.7258
5.31,-1.1769,8.7093,-2.7097
5.32,-1.1904,8.7069,-2.6935
5.33,-1.2038,8.7045,-2.6775
5.34,-1.2171,8.7021,-2.6615
5.35,-1.2303,8.6997,-2.6455
5.36,-1.2435,8.6972,-2.6296
5.37,-1.2565,8.6947,-2.6138
5.38,-1.2695,8.6922,-2.598
5.39,-1.2824,8.6896,-2.5823
5.4,-1.2953,8.687,-2.5666
5.41,-1.308,8.6844,-2.551
5.42,-1.3207,8.6818,-2.5354
5.43,-1.3333,8.6792,-2.5199
5.44,-1.3458,8.6765,-2.5044
5.45,-1.3583,8.6738,-2.489
5.46,-1.3706,8.671,-2.4736
5.47,-1.3829,8.6683,-2.4583
5.48,-1.3951,8.6655,-2.443
5.49,-1.4073,8.6627,-2.4278
5.5,-1.4193,8.6599,-2.4127
5.51,-1.4313,8.657,-2.3976
5.52,-1.4432,8.6542,-2.3825
5.53,-1.4551,8.6513,-2.3675
5.54,-1.4668,8.6483,-2.3526
5.55,-1.4785,8.6454,-2.3377
5.56,-1.4901,8.6424,-2.3228
5.57,-1.5017,8.6394,-2.308
5.58,-1.5132,8.6364,-2.2933
5.59,-1.5245,8.6334,-2.2786
5.6,-1.5359,8.6303,-2.264
5.61,-1.5471,8.6272,-2.2494
5.62,-1.5583,8.6241,-2.2348
5.63,-1.5694,8.621,-2.2203
5.64,-1.5804,8.6178,-2.2059
5.65,-1.5914,8.6147,-2.1915
5.66,-1.6023,8.6115,-2.1772
5.67,-1.6131,8.6083,-2.1629
5.68,-1.6238,8.605,-2.1487
5.69,-1.6345,8.6018,-2.1345
5.7,-1.6451,8.5985,-2.1203
5.71,-1.6556,8.5952,-2.1063
5.72,-1.6661,8.5919,-2.0922
5.73,-1.6765,8.5885,-2.0782
5.74,-1.6868,8.5852,-2.0643
5.75,-1.697,8.5818,-2.0504
5.76,-1.7072,8.5784,-2.0366
5.77,-1.7173,8.575,-2.0228
5.78,-1.7274,8.5715,-2.009
5.79,-1.7374,8.568,-1.9954
5.8,-1.7473,8.5646,-1.9817
5.81,-1.7571,8.5611,-1.9681
5.82,-1.7669,8.5575,-1.9546
5.83,-1.7766,8.554,-1.9411
5.84,-1.7862,8.5504,-1.9276
5.85,-1.7958,8.5468,-1.9142
5.86,-1.8053,8.5432,-1.9009
5.87,-1.8147,8.5396,-1.8876
5.88,-1.8241,8.536,-1.8743
5.89,-1.8334,8.5323,-1.8611
5.9,-1.8427,8.5286,-1.848
5.91,-1.8518,8.525,-1.8348
5.92,-1.8609,8.5212,-1.8218
5.93,-1.87,8.5175,-1.8088
5.94,-1.879,8.5138,-1.7958
5.95,-1.8879,8.51,-1.7829
5.96,-1.8967,8.5062,-1.77
5.97,-1.9055,8.5024,-1.7572
5.98,-1.9142,8.4986,-1.7444
5.99,-1.9229,8.4947,-1.7316
6,-1.9315,8.4909,-1.719
6.01,-1.94,8.487,-1.7063
6.02,-1.9485,8.4831,-1.6937
6.03,-1.9569,8.4792,-1.6812
6.04,-1.9652,8.4753,-1.6687
6.05,-1.9735,8.4714,-1.6562
6.06,-1.9817,8.4674,-1.6438
6.07,-1.9899,8.4634,-1.6315
6.08,-1.998,8.4595,-1.6191
6.09,-2.006,8.4554,-1.6069
6.1,-2.014,8.4514,-1.5946
6.11,-2.0219,8.4474,-1.5825
6.12,-2.0298,8.4433,-1.5703
6.13,-2.0376,8.4393,-1.5582
6.14,-2.0453,8.4352,-1.5462
6.15,-2.053,8.4311,-1.5342
6.16,-2.0606,8.427,-1.5222
6.17,-2.0681,8.4228,-1.5103
6.18,-2.0756,8.4187,-1.4985
6.19,-2.083,8.4145,-1.4866
6.2,-2.0904,8.4104,-1.4749
6.21,-2.0977,8.4062,-1.4631
6.22,-2.105,8.402,-1.4514
6.23,-2.1122,8.3978,-1.4398
6.24,-2.1193,8.3935,-1.4282
6.25,-2.1264,8.3893,-1.4167
6.26,-2.1334,8.385,-1.4051
6.27,-2.1404,8.3808,-1.3937
6.28,-2.1473,8.3765,-1.3823
6.29,-2.1542,8.3722,-1.3709
6.3,-2.161,8.3679,-1.3595
6.31,-2.1677,8.3635,-1.3483
6.32,-2.1744,8.3592,-1.337
6.33,-2.181,8.3548,-1.3258
6.34,-2.1876,8.3505,-1.3146
6.35,-2.1941,8.3461,-1.3035
6.36,-2.2006,8.3417,-1.2924
6.37,-2.207,8.3373,-1.2814
6.38,-2.2133,8.3329,-1.2704
6.39,-2.2196,8.3284,-1.2595
6.4,-2.2259,8.324,-1.2486
6.41,-2.2321,8.3195,-1.2377
6.42,-2.2382,8.315,-1.2269
6.43,-2.2443,8.3106,-1.2161
6.44,-2.2503,8.3061,-1.2054
6.45,-2.2563,8.3016,-1.1947
6.46,-2.2622,8.297,-1.184
6.47,-2.2681,8.2925,-1.1734
6.48,-2.2739,8.288,-1.1628
6.49,-2.2797,8.2834,-1.1523
6.5,-2.2854,8.2789,-1.1418
6.51,-2.291,8.2743,-1.1314
6.52,-2.2966,8.2697,-1.121
6.53,-2.3022,8.2651,-1.1106
6.54,-2.3077,8.2605,-1.1003
6.55,-2.3131,8.2559,-1.09
6.56,-2.3185,8.2512,-1.0798
6.57,-2.3239,8.2466,-1.0696
6.58,-2.3292,8.2419,-1.0594
6.59,-2.3344,8.2373,-1.0493
6.6,-2.3396,8.2326,-1.0392
6.61,-2.3448,8.2279,-1.0292
6.62,-2.3499,8.2232,-1.0192
6.63,-2.3549,8.2185,-1.0093
6.64,-2.3599,8.2138,-0.99934
6.65,-2.3648,8.2091,-0.98946
6.66,-2.3697,8.2043,-0.97962
6.67,-2.3746,8.1996,-0.96983
6.68,-2.3794,8.1948,-0.96007
6.69,-2.3841,8.1901,-0.95035
6.7,-2.3888,8.1853,-0.94068
6.71,-2.3935,8.1805,-0.93104
6.72,-2.3981,8.1757,-0.92144
6.73,-2.4027,8.1709,-0.91188
6.74,-2.4072,8.1661,-0.90236
6.75,-2.4116,8.1613,-0.89288
6.76,-2.4161,8.1565,-0.88344
6.77,-2.4204,8.1516,-0.87403
6.78,-2.4248,8.1468,-0.86467
6.79,-2.429,8.1419,-0.85534
6.8,-2.4333,8.1371,-0.84605
6.81,-2.4374,8.1322,-0.8368
6.82,-2.4416,8.1273,-0.82759
6.83,-2.4457,8.1224,-0.81842
6.84,-2.4497,8.1175,-0.80928
6.85,-2.4537,8.1126,-0.80018
6.86,-2.4577,8.1077,-0.79112
6.87,-2.4616,8.1028,-0.7821
6.88,-2.4655,8.0979,-0.77312
6.89,-2.4693,8.0929,-0.76417
6.9,-2.4731,8.088,-0.75526
6.91,-2.4768,8.0831,-0.74639
6.92,-2.4805,8.0781,-0.73755
6.93,-2.4841,8.0731,-0.72876
6.94,-2.4877,8.0682,-0.71999
6.95,-2.4913,8.0632,-0.71127
6.96,-2.4948,8.0582,-0.70258
6.97,-2.4983,8.0532,-0.69393
6.98,-2.5017,8.0482,-0.68532
6.99,-2.5051,8.0432,-0.67674
7,-2.5084,8.0382,-0.6682
7.01,-2.5117,8.0332,-0.6597
7.02,-2.515,8.0281,-0.65123
7.03,-2.5182,8.0231,-0.6428
7.04,-2.5213,8.0181,-0.63441
7.05,-2.5245,8.013,-0.62605
7.06,-2.5276,8.008,-0.61772
7.07,-2.5306,8.0029,-0.60944
7.08,-2.5336,7.9978,-0.60118
7.09,-2.5366,7.9928,-0.59297
7.1,-2.5395,7.9877,-0.58479
7.11,-2.5424,7.9826,-0.57664
7.12,-2.5452,7.9775,-0.56853
7.13,-2.548,7.9724,-0.56046
7.14,-2.5508,7.9673,-0.55242
7.15,-2.5535,7.9622,-0.54441
7.16,-2.5562,7.9571,-0.53644
7.17,-2.5588,7.952,-0.52851
7.18,-2.5615,7.9469,-0.52061
7.19,-2.564,7.9418,-0.51274
7.2,-2.5665,7.9366,-0.50491
7.21,-2.569,7.9315,-0.49711
7.22,-2.5715,7.9263,-0.48935
7.23,-2.5739,7.9212,-0.48162
7.24,-2.5762,7.9161,-0.47393
7.25,-2.5786,7.9109,-0.46627
7.26,-2.5809,7.9057,-0.45864
7.27,-2.5831,7.9006,-0.45105
7.28,-2.5853,7.8954,-0.44349
7.29,-2.5875,7.8902,-0.43597
7.3,-2.5897,7.8851,-0.42848
7.31,-2.5918,7.8799,-0.42102
7.32,-2.5938,7.8747,-0.4136
7.33,-2.5959,7.8695,-0.40621
7.34,-2.5979,7.8643,-0.39885
7.35,-2.5998,7.8591,-0.39152
7.36,-2.6017,7.8539,-0.38423
7.37,-2.6036,7.8487,-0.37698
7.38,-2.6055,7.8435,-0.36975
7.39,-2.6073,7.8383,-0.36256
7.4,-2.6091,7.8331,-0.3554
7.41,-2.6108,7.8278,-0.34827
7.42,-2.6125,7.8226,-0.34118
7.43,-2.6142,7.8174,-0.33411
7.44,-2.6158,7.8122,-0.32708
7.45,-2.6174,7.8069,-0.32009
7.46,-2.619,7.8017,-0.31312
7.47,-2.6205,7.7965,-0.30619
7.48,-2.622,7.7912,-0.29928
7.49,-2.6235,7.786,-0.29242
7.5,-2.6249,7.7807,-0.28558
7.51,-2.6263,7.7755,-0.27877
7.52,-2.6277,7.7702,-0.272
7.53,-2.629,7.765,-0.26525
7.54,-2.6303,7.7597,-0.25854
7.55,-2.6315,7.7544,-0.25186
7.56,-2.6328,7.7492,-0.24521
7.57,-2.634,7.7439,-0.23859
7.58,-2.6351,7.7386,-0.23201
7.59,-2.6362,7.7334,-0.22545
7.6,-2.6373,7.7281,-0.21892
7.61,-2.6384,7.7228,-0.21243
7.62,-2.6394,7.7175,-0.20597
7.63,-2.6404,7.7123,-0.19953
7.64,-2.6414,7.707,-0.19313
7.65,-2.6423,7.7017,-0.18676
7.66,-2.6432,7.6964,-0.18041
7.67,-2.6441,7.6911,-0.1741
7.68,-2.6449,7.6858,-0.16782
7.69,-2.6457,7.6805,-0.16157
7.7,-2.6465,7.6752,-0.15535
7.71,-2.6473,7.67,-0.14916
7.72,-2.648,7.6647,-0.14299
7.73,-2.6487,7.6594,-0.13686
7.74,-2.6493,7.6541,-0.13076
7.75,-2.6499,7.6488,-0.12469
7.76,-2.6505,7.6435,-0.11864
7.77,-2.6511,7.6382,-0.11263
7.78,-2.6516,7.6329,-0.10664
7.79,-2.6521,7.6276,-0.10069
7.8,-2.6526,7.6222,-0.094761
7.81,-2.6531,7.6169,-0.088863
7.82,-2.6535,7.6116,-0.082994
7.83,-2.6539,7.6063,-0.077154
7.84,-2.6542,7.601,-0.071343
7.85,-2.6545,7.5957,-0.06556
7.86,-2.6548,7.5904,-0.059806
7.87,-2.6551,7.5851,-0.054081
7.88,-2.6554,7.5798,-0.048384
7.89,-2.6556,7.5745,-0.042715
7.9,-2.6558,7.5692,-0.037075
7.91,-2.6559,7.5638,-0.031462
7.92,-2.656,7.5585,-0.025878
7.93,-2.6561,7.5532,-0.020322
7.94,-2.6562,7.5479,-0.014793
7.95,-2.6563,7.5426,-0.0092928
7.96,-2.6563,7.5373,-0.00382
7.97,-2.6563,7.532,0.0016252
7.98,-2.6562,7.5267,0.0070429
7.99,-2.6562,7.5214,0.012433
8,-2.6561,7.516,0.017796
8.01,-2.656,7.5107,0.023131
8.02,-2.6558,7.5054,0.028439
8.03,-2.6557,7.5001,0.033721
8.04,-2.6555,7.4948,0.038975
8.05,-2.6552,7.4895,0.044202
8.06,-2.655,7.4842,0.049402
8.07,-2.6547,7.4789,0.054575
8.08,-2.6544,7.4736,0.059722
8.09,-2.6541,7.4682,0.064842
8.1,-2.6538,7.4629,0.069935
8.11,-2.6534,7.4576,0.075002
8.12,-2.653,7.4523,0.080043
8.13,-2.6526,7.447,0.085057
8.14,-2.6521,7.4417,0.090045
8.15,-2.6516,7.4364,0.095007
8.16,-2.6511,7.4311,0.099943
8.17,-2.6506,7.4258,0.10485
8.18,-2.6501,7.4205,0.10974
8.19,-2.6495,7.4152,0.11459
8.2,-2.6489,7.4099,0.11943
8.21,-2.6483,7.4046,0.12423
8.22,-2.6476,7.3993,0.12901
8.23,-2.6469,7.394,0.13377
8.24,-2.6463,7.3887,0.1385
8.25,-2.6455,7.3834,0.1432
8.26,-2.6448,7.3781,0.14788
8.27,-2.644,7.3729,0.15254
8.28,-2.6433,7.3676,0.15717
8.29,-2.6424,7.3623,0.16177
8.3,-2.6416,7.357,0.16635
8.31,-2.6408,7.3517,0.17091
8.32,-2.6399,7.3464,0.17544
8.33,-2.639,7.3412,0.17994
8.34,-2.6381,7.3359,0.18442
8.35,-2.6371,7.3306,0.18888
8.36,-2.6361,7.3253,0.19331
8.37,-2.6352,7.3201,0.19771
8.38,-2.6341,7.3148,0.2021
8.39,-2.6331,7.3095,0.20646
8.4,-2.6321,7.3043,0.21079
8.41,-2.631,7.299,0.2151
8.42,-2.6299,7.2937,0.21939
8.43,-2.6288,7.2885,0.22365
8.44,-2.6276,7.2832,0.22789
8.45,-2.6265,7.278,0.2321
8.46,-2.6253,7.2727,0.23629
8.47,-2.6241,7.2675,0.24046
8.48,-2.6229,7.2622,0.2446
8.49,-2.6216,7.257,0.24872
8.5,-2.6204,7.2517,0.25282
8.51,-2.6191,7.2465,0.25689
8.52,-2.6178,7.2413,0.26094
8.53,-2.6164,7.236,0.26497
8.54,-2.6151,7.2308,0.26898
8.55,-2.6137,7.2256,0.27296
8.56,-2.6123,7.2203,0.27692
8.57,-2.6109,7.2151,0.28085
8.58,-2.6095,7.2099,0.28476
8.59,-2.6081,7.2047,0.28865
8.6,-2.6066,7.1995,0.29252
8.61,-2.6051,7.1942,0.29636
8.62,-2.6036,7.189,0.30019
8.63,-2.6021,7.1838,0.30399
8.64,-2.6006,7.1786,0.30776
8.65,-2.599,7.1734,0.31152
8.66,-2.5974,7.1682,0.31525
8.67,-2.5958,7.163,0.31896
8.68,-2.5942,7.1578,0.32265
8.69,-2.5926,7.1527,0.32632
8.7,-2.5909,7.1475,0.32996
8.71,-2.5893,7.1423,0.33359
8.72,-2.5876,7.1371,0.33719
8.73,-2.5859,7.1319,0.34077
8.74,-2.5842,7.1268,0.34433
8.75,-2.5824,7.1216,0.34786
8.76,-2.5807,7.1164,0.35138
8.77,-2.5789,7.1113,0.35487
8.78,-2.5771,7.1061,0.35835
8.79,-2.5753,7.101,0.3618
8.8,-2.5735,7.0958,0.36523
8.81,-2.5716,7.0907,0.36864
8.82,-2.5698,7.0855,0.37203
8.83,-2.5679,7.0804,0.37539
8.84,-2.566,7.0753,0.37874
8.85,-2.5641,7.0701,0.38207
8.86,-2.5622,7.065,0.38537
8.87,-2.5602,7.0599,0.38865
8.88,-2.5583,7.0548,0.39192
8.89,-2.5563,7.0497,0.39516
8.9,-2.5543,7.0445,0.39838
8.91,-2.5523,7.0394,0.40159
8.92,-2.5503,7.0343,0.40477
8.93,-2.5482,7.0292,0.40793
8.94,-2.5462,7.0241,0.41107
8.95,-2.5441,7.0191,0.41419
8.96,-2.542,7.014,0.41729
8.97,-2.5399,7.0089,0.42038
8.98,-2.5378,7.0038,0.42344
8.99,-2.5357,6.9987,0.42648
9,-2.5335,6.9937,0.4295
9.01,-2.5313,6.9886,0.4325
9.02,-2.5292,6.9835,0.43549
9.03,-2.527,6.9785,0.43845
9.04,-2.5248,6.9734,0.44139
9.05,-2.5225,6.9684,0.44432
9.06,-2.5203,6.9633,0.44722
9.07,-2.5181,6.9583,0.45011
9.08,-2.5158,6.9533,0.45298
9.09,-2.5135,6.9482,0.45582
9.1,-2.5112,6.9432,0.45865
9.11,-2.5089,6.9382,0.46146
9.12,-2.5066,6.9332,0.46425
9.13,-2.5043,6.9282,0.46702
9.14,-2.5019,6.9232,0.46978
9.15,-2.4995,6.9182,0.47251
9.16,-2.4972,6.9132,0.47523
9.17,-2.4948,6.9082,0.47792
9.18,-2.4924,6.9032,0.4806
9.19,-2.49,6.8982,0.48326
9.2,-2.4875,6.8932,0.4859
9.21,-2.4851,6.8883,0.48853
9.22,-2.4826,6.8833,0.49113
9.23,-2.4802,6.8783,0.49372
9.24,-2.4777,6.8734,0.49629
9.25,-2.4752,6.8684,0.49884
9.26,-2.4727,6.8635,0.50137
9.27,-2.4702,6.8585,0.50389
9.28,-2.4676,6.8536,0.50638
9.29,-2.4651,6.8487,0.50886
9.3,-2.4625,6.8437,0.51132
9.31,-2.46,6.8388,0.51377
9.32,-2.4574,6.8339,0.51619
9.33,-2.4548,6.829,0.5186
9.34,-2.4522,6.8241,0.52099
9.35,-2.4496,6.8192,0.52337
9.36,-2.4469,6.8143,0.52572
9.37,-2.4443,6.8094,0.52806
9.38,-2.4416,6.8045,0.53038
9.39,-2.439,6.7996,0.53269
9.4,-2.4363,6.7947,0.53497
9.41,-2.4336,6.7899,0.53724
9.42,-2.4309,6.785,0.5395
9.43,-2.4282,6.7801,0.54173
9.44,-2.4255,6.7753,0.54395
9.45,-2.4228,6.7704,0.54616
9.46,-2.42,6.7656,0.54834
9.47,-2.4173,6.7608,0.55051
9.48,-2.4145,6.7559,0.55267
9.49,-2.4117,6.7511,0.5548
9.5,-2.4089,6.7463,0.55692
9.51,-2.4062,6.7415,0.55903
9.52,-2.4033,6.7367,0.56111
9.53,-2.4005,6.7319,0.56318
9.54,-2.3977,6.7271,0.56524
9.55,-2.3949,6.7223,0.56728
9.56,-2.392,6.7175,0.5693
9.57,-2.3892,6.7127,0.5713
9.58,-2.3863,6.7079,0.5733
9.59,-2.3834,6.7031,0.57527
9.6,-2.3805,6.6984,0.57723
9.61,-2.3776,6.6936,0.57917
9.62,-2.3747,6.6889,0.5811
9.63,-2.3718,6.6841,0.58301
9.64,-2.3689,6.6794,0.5849
9.65,-2.366,6.6747,0.58678
9.66,-2.363,6.6699,0.58865
9.67,-2.3601,6.6652,0.5905
9.68,-2.3571,6.6605,0.59233
9.69,-2.3541,6.6558,0.59415
9.7,-2.3512,6.6511,0.59595
9.71,-2.3482,6.6464,0.59774
9.72,-2.3452,6.6417,0.59951
9.73,-2.3422,6.637,0.60127
9.74,-2.3391,6.6323,0.60302
9.75,-2.3361,6.6276,0.60474
9.76,-2.3331,6.623,0.60646
9.77,-2.33,6.6183,0.60815
9.78,-2.327,6.6136,0.60984
9.79,-2.3239,6.609,0.61151
9.8,-2.3209,6.6043,0.61316
9.81,-2.3178,6.5997,0.6148
9.82,-2.3147,6.5951,0.61642
9.83,-2.3116,6.5904,0.61803
9.84,-2.3085,6.5858,0.61963
9.85,-2.3054,6.5812,0.62121
9.86,-2.3023,6.5766,0.62278
9.87,-2.2992,6.572,0.62433
9.88,-2.2961,6.5674,0.62587
9.89,-2.2929,6.5628,0.62739
9.9,-2.2898,6.5582,0.6289
9.91,-2.2866,6.5537,0.6304
9.92,-2.2835,6.5491,0.63188
9.93,-2.2803,6.5445,0.63335
9.94,-2.2771,6.54,0.6348
9.95,-2.2739,6.5354,0.63624
9.96,-2.2708,6.5309,0.63767
9.97,-2.2676,6.5263,0.63908
9.98,-2.2644,6.5218,0.64048
9.99,-2.2612,6.5173,0.64187
10,-2.2579,6.5128,0.64324
10.01,-2.2547,6.5082,0.6446
10.02,-2.2515,6.5037,0.64594
10.03,-2.2482,6.4992,0.64727
10.04,-2.245,6.4947,0.64859
10.05,-2.2418,6.4903,0.6499
10.06,-2.2385,6.4858,0.65119
10.07,-2.2352,6.4813,0.65247
10.08,-2.232,6.4768,0.65373
10.09,-2.2287,6.4724,0.65498
10.1,-2.2254,6.4679,0.65622
10.11,-2.2221,6.4635,0.65745
10.12,-2.2188,6.459,0.65866
10.13,-2.2155,6.4546,0.65986
10.14,-2.2122,6.4502,0.66105
10.15,-2.2089,6.4458,0.66223
10.16,-2.2056,6.4413,0.66339
10.17,-2.2023,6.4369,0.66454
10.18,-2.1989,6.4325,0.66567
10.19,-2.1956,6.4281,0.6668
10.2,-2.1923,6.4237,0.66791
10.21,-2.1889,6.4194,0.66901
10.22,-2.1856,6.415,0.6701
10.23,-2.1822,6.4106,0.67117
10.24,-2.1789,6.4063,0.67223
10.25,-2.1755,6.4019,0.67328
10.26,-2.1721,6.3976,0.67432
10.27,-2.1687,6.3932,0.67535
10.28,-2.1654,6.3889,0.67636
10.29,-2.162,6.3846,0.67736
10.3,-2.1586,6.3802,0.67835
10.31,-2.1552,6.3759,0.67933
10.32,-2.1518,6.3716,0.6803
10.33,-2.1484,6.3673,0.68125
10.34,-2.145,6.363,0.68219
10.35,-2.1416,6.3587,0.68312
10.36,-2.1381,6.3545,0.68404
10.37,-2.1347,6.3502,0.68495
10.38,-2.1313,6.3459,0.68585
10.39,-2.1278,6.3417,0.68673
10.4,-2.1244,6.3374,0.6876
10.41,-2.121,6.3332,0.68846
10.42,-2.1175,6.3289,0.68931
10.43,-2.1141,6.3247,0.69015
10.44,-2.1106,6.3205,0.69098
10.45,-2.1072,6.3162,0.6918
10.46,-2.1037,6.312,0.6926
10.47,-2.1002,6.3078,0.69339
10.48,-2.0968,6.3036,0.69418
10.49,-2.0933,6.2994,0.69495
10.5,-2.0898,6.2953,0.69571
10.51,-2.0863,6.2911,0.69646
10.52,-2.0828,6.2869,0.6972
10.53,-2.0793,6.2828,0.69792
10.54,-2.0758,6.2786,0.69864
10.55,-2.0724,6.2745,0.69935
10.56,-2.0689,6.2703,0.70004
10.57,-2.0653,6.2662,0.70073
10.58,-2.0618,6.262,0.7014
10.59,-2.0583,6.2579,0.70207
10.6,-2.0548,6.2538,0.70272
10.61,-2.0513,6.2497,0.70336
10.62,-2.0478,6.2456,0.70399
10.63,-2.0443,6.2415,0.70461
10.64,-2.0407,6.2374,0.70523
10.65,-2.0372,6.2334,0.70583
10.66,-2.0337,6.2293,0.70642
10.67,-2.0301,6.2252,0.707
10.68,-2.0266,6.2212,0.70757
10.69,-2.0231,6.2171,0.70813
10.7,-2.0195,6.2131,0.70868
10.71,-2.016,6.209,0.70922
10.72,-2.0124,6.205,0.70975
10.73,-2.0089,6.201,0.71027
10.74,-2.0053,6.197,0.71078
10.75,-2.0018,6.193,0.71128
10.76,-1.9982,6.189,0.71177
10.77,-1.9946,6.185,0.71225
10.78,-1.9911,6.181,0.71273
10.79,-1.9875,6.177,0.71319
10.8,-1.9839,6.173,0.71364
10.81,-1.9804,6.1691,0.71408
10.82,-1.9768,6.1651,0.71452
10.83,-1.9732,6.1612,0.71494
10.84,-1.9696,6.1572,0.71535
10.85,-1.9661,6.1533,0.71576
10.86,-1.9625,6.1494,0.71615
10.87,-1.9589,6.1454,0.71654
10.88,-1.9553,6.1415,0.71692
10.89,-1.9517,6.1376,0.71728
10.9,-1.9481,6.1337,0.71764
10.91,-1.9446,6.1298,0.71799
10.92,-1.941,6.1259,0.71833
10.93,-1.9374,6.1221,0.71866
10.94,-1.9338,6.1182,0.71898
10.95,-1.9302,6.1143,0.7193
10.96,-1.9266,6.1105,0.7196
10.97,-1.923,6.1066,0.7199
10.98,-1.9194,6.1028,0.72018
10.99,-1.9158,6.0989,0.72046
11,-1.9122,6.0951,0.72073
11.01,-1.9086,6.0913,0.72099
11.02,-1.905,6.0875,0.72124
11.03,-1.9014,6.0837,0.72148
11.04,-1.8977,6.0799,0.72172
11.05,-1.8941,6.0761,0.72194
11.06,-1.8905,6.0723,0.72216
11.07,-1.8869,6.0685,0.72237
11.08,-1.8833,6.0647,0.72257
11.09,-1.8797,6.061,0.72276
11.1,-1.8761,6.0572,0.72295
11.11,-1.8725,6.0535,0.72312
11.12,-1.8688,6.0497,0.72329
11.13,-1.8652,6.046,0.72345
11.14,-1.8616,6.0423,0.7236
11.15,-1.858,6.0386,0.72374
11.16,-1.8544,6.0348,0.72387
11.17,-1.8507,6.0311,0.724
11.18,-1.8471,6.0274,0.72412
11.19,-1.8435,6.0238,0.72423
11.2,-1.8399,6.0201,0.72433
11.21,-1.8363,6.0164,0.72442
11.22,-1.8326,6.0127,0.72451
11.23,-1.829,6.0091,0.72459
11.24,-1.8254,6.0054,0.72466
11.25,-1.8218,6.0018,0.72472
11.26,-1.8181,5.9981,0.72478
11.27,-1.8145,5.9945,0.72483
11.28,-1.8109,5.9909,0.72487
11.29,-1.8073,5.9872,0.7249
11.3,-1.8036,5.9836,0.72492
11.31,-1.8,5.98,0.72494
11.32,-1.7964,5.9764,0.72495
11.33,-1.7928,5.9728,0.72495
11.34,-1.7891,5.9693,0.72495
11.35,-1.7855,5.9657,0.72493
11.36,-1.7819,5.9621,0.72491
11.37,-1.7783,5.9586,0.72489
11.38,-1.7747,5.955,0.72485
11.39,-1.771,5.9515,0.72481
11.4,-1.7674,5.9479,0.72476
11.41,-1.7638,5.9444,0.72471
11.42,-1.7602,5.9409,0.72464
11.43,-1.7565,5.9374,0.72457
11.44,-1.7529,5.9338,0.7245
11.45,-1.7493,5.9303,0.72441
11.46,-1.7457,5.9268,0.72432
11.47,-1.742,5.9234,0.72422
11.48,-1.7384,5.9199,0.72412
11.49,-1.7348,5.9164,0.72401
11.5,-1.7312,5.9129,0.72389
11.51,-1.7276,5.9095,0.72376
11.52,-1.7239,5.906,0.72363
11.53,-1.7203,5.9026,0.72349
11.54,-1.7167,5.8991,0.72334
11.55,-1.7131,5.8957,0.72319
11.56,-1.7095,5.8923,0.72303
11.57,-1.7059,5.8889,0.72287
11.58,-1.7023,5.8855,0.7227
11.59,-1.6986,5.8821,0.72252
11.6,-1.695,5.8787,0.72233
11.61,-1.6914,5.8753,0.72214
11.62,-1.6878,5.8719,0.72194
11.63,-1.6842,5.8685,0.72174
11.64,-1.6806,5.8652,0.72153
11.65,-1.677,5.8618,0.72131
11.66,-1.6734,5.8585,0.72109
11.67,-1.6698,5.8551,0.72086
11.68,-1.6662,5.8518,0.72062
11.69,-1.6626,5.8485,0.72038
11.7,-1.659,5.8451,0.72013
11.71,-1.6554,5.8418,0.71988
11.72,-1.6518,5.8385,0.71962
11.73,-1.6482,5.8352,0.71935
11.74,-1.6446,5.8319,0.71908
11.75,-1.641,5.8286,0.7188
11.76,-1.6374,5.8254,0.71852
11.77,-1.6338,5.8221,0.71823
11.78,-1.6302,5.8188,0.71793
11.79,-1.6266,5.8156,0.71763
11.8,-1.623,5.8123,0.71732
11.81,-1.6195,5.8091,0.71701
11.82,-1.6159,5.8058,0.71669
11.83,-1.6123,5.8026,0.71637
11.84,-1.6087,5.7994,0.71604
11.85,-1.6051,5.7962,0.7157
11.86,-1.6016,5.793,0.71536
11.87,-1.598,5.7898,0.71501
11.88,-1.5944,5.7866,0.71466
11.89,-1.5908,5.7834,0.7143
11.9,-1.5873,5.7802,0.71394
11.91,-1.5837,5.777,0.71357
11.92,-1.5801,5.7739,0.71319
11.93,-1.5766,5.7707,0.71281
11.94,-1.573,5.7676,0.71243
11.95,-1.5694,5.7644,0.71204
11.96,-1.5659,5.7613,0.71164
11.97,-1.5623,5.7582,0.71124
11.98,-1.5588,5.755,0.71083
11.99,-1.5552,5.7519,0.71042
12,-1.5517,5.7488,0.71
12.01,-1.5481,5.7457,0.70958
12.02,-1.5446,5.7426,0.70915
12.03,-1.541,5.7395,0.70872
12.04,-1.5375,5.7365,0.70828
12.05,-1.534,5.7334,0.70784
12.06,-1.5304,5.7303,0.7074
12.07,-1.5269,5.7273,0.70694
12.08,-1.5234,5.7242,0.70649
12.09,-1.5198,5.7212,0.70602
12.1,-1.5163,5.7181,0.70556
12.11,-1.5128,5.7151,0.70509
12.12,-1.5092,5.7121,0.70461
12.13,-1.5057,5.7091,0.70413
12.14,-1.5022,5.7061,0.70364
12.15,-1.4987,5.7031,0.70315
12.16,-1.4952,5.7001,0.70265
12.17,-1.4917,5.6971,0.70215
12.18,-1.4882,5.6941,0.70165
12.19,-1.4847,5.6911,0.70114
12.2,-1.4812,5.6882,0.70063
12.21,-1.4776,5.6852,0.70011
12.22,-1.4742,5.6823,0.69958
12.23,-1.4707,5.6793,0.69906
12.24,-1.4672,5.6764,0.69852
12.25,-1.4637,5.6734,0.69799
12.26,-1.4602,5.6705,0.69745
12.27,-1.4567,5.6676,0.6969
12.28,-1.4532,5.6647,0.69635
12.29,-1.4497,5.6618,0.6958
12.3,-1.4463,5.6589,0.69524
12.31,-1.4428,5.656,0.69468
12.32,-1.4393,5.6531,0.69411
12.33,-1.4359,5.6503,0.69354
12.34,-1.4324,5.6474,0.69296
12.35,-1.4289,5.6445,0.69238
12.36,-1.4255,5.6417,0.6918
12.37,-1.422,5.6388,0.69121
12.38,-1.4186,5.636,0.69062
12.39,-1.4151,5.6331,0.69003
12.4,-1.4117,5.6303,0.68943
12.41,-1.4082,5.6275,0.68882
12.42,-1.4048,5.6247,0.68821
12.43,-1.4013,5.6219,0.6876
12.44,-1.3979,5.6191,0.68699
12.45,-1.3945,5.6163,0.68637
12.46,-1.391,5.6135,0.68574
12.47,-1.3876,5.6107,0.68512
12.48,-1.3842,5.608,0.68448
12.49,-1.3808,5.6052,0.68385
12.5,-1.3774,5.6024,0.68321
12.51,-1.3739,5.5997,0.68257
12.52,-1.3705,5.5969,0.68192
12.53,-1.3671,5.5942,0.68127
12.54,-1.3637,5.5915,0.68062
12.55,-1.3603,5.5887,0.67996
12.56,-1.3569,5.586,0.6793
12.57,-1.3535,5.5833,0.67864
12.58,-1.3501,5.5806,0.67797
12.59,-1.3468,5.5779,0.6773
12.6,-1.3434,5.5752,0.67662
12.61,-1.34,5.5725,0.67594
12.62,-1.3366,5.5699,0.67526
12.63,-1.3333,5.5672,0.67457
12.64,-1.3299,5.5645,0.67389
12.65,-1.3265,5.5619,0.67319
12.66,-1.3232,5.5592,0.6725
12.67,-1.3198,5.5566,0.6718
12.68,-1.3164,5.5539,0.6711
12.69,-1.3131,5.5513,0.67039
12.7,-1.3097,5.5487,0.66968
12.71,-1.3064,5.5461,0.66897
12.72,-1.3031,5.5435,0.66825
12.73,-1.2997,5.5409,0.66754
12.74,-1.2964,5.5383,0.66681
12.75,-1.293,5.5357,0.66609
12.76,-1.2897,5.5331,0.66536
12.77,-1.2864,5.5305,0.66463
12.78,-1.2831,5.528,0.66389
12.79,-1.2798,5.5254,0.66316
12.8,-1.2765,5.5228,0.66242
12.81,-1.2731,5.5203,0.66167
12.82,-1.2698,5.5177,0.66093
12.83,-1.2665,5.5152,0.66018
12.84,-1.2632,5.5127,0.65943
12.85,-1.2599,5.5101,0.65867
12.86,-1.2567,5.5076,0.65791
12.87,-1.2534,5.5051,0.65715
12.88,-1.2501,5.5026,0.65639
12.89,-1.2468,5.5001,0.65562
12.9,-1.2435,5.4976,0.65485
12.91,-1.2403,5.4951,0.65408
12.92,-1.237,5.4927,0.6533
12.93,-1.2337,5.4902,0.65252
12.94,-1.2305,5.4877,0.65174
12.95,-1.2272,5.4853,0.65096
12.96,-1.224,5.4828,0.65017
12.97,-1.2207,5.4804,0.64939
12.98,-1.2175,5.4779,0.64859
12.99,-1.2142,5.4755,0.6478
13,-1.211,5.4731,0.647
13.01,-1.2078,5.4707,0.6462
13.02,-1.2046,5.4683,0.6454
13.03,-1.2013,5.4659,0.6446
13.04,-1.1981,5.4635,0.64379
13.05,-1.1949,5.4611,0.64298
13.06,-1.1917,5.4587,0.64217
13.07,-1.1885,5.4563,0.64136
13.08,-1.1853,5.4539,0.64054
13.09,-1.1821,5.4515,0.63972
13.1,-1.1789,5.4492,0.6389
13.11,-1.1757,5.4468,0.63808
13.12,-1.1725,5.4445,0.63725
13.13,-1.1693,5.4421,0.63642
13.14,-1.1661,5.4398,0.63559
13.15,-1.163,5.4375,0.63476
13.16,-1.1598,5.4352,0.63392
13.17,-1.1566,5.4328,0.63308
13.18,-1.1535,5.4305,0.63224
13.19,-1.1503,5.4282,0.6314
13.2,-1.1472,5.4259,0.63056
13.21,-1.144,5.4236,0.62971
13.22,-1.1409,5.4214,0.62886
13.23,-1.1377,5.4191,0.62801
13.24,-1.1346,5.4168,0.62716
13.25,-1.1315,5.4145,0.6263
13.26,-1.1283,5.4123,0.62545
13.27,-1.1252,5.41,0.62459
13.28,-1.1221,5.4078,0.62373
13.29,-1.119,5.4055,0.62286
13.3,-1.1159,5.4033,0.622
13.31,-1.1128,5.4011,0.62113
13.32,-1.1097,5.3988,0.62026
13.33,-1.1066,5.3966,0.61939
13.34,-1.1035,5.3944,0.61852
13.35,-1.1004,5.3922,0.61765
13.36,-1.0973,5.39,0.61677
13.37,-1.0942,5.3878,0.61589
13.38,-1.0911,5.3856,0.61501
13.39,-1.0881,5.3835,0.61413
13.4,-1.085,5.3813,0.61324
13.41,-1.0819,5.3791,0.61236
13.42,-1.0789,5.377,0.61147
13.43,-1.0758,5.3748,0.61058
13.44,-1.0728,5.3727,0.60969
13.45,-1.0697,5.3705,0.6088
13.46,-1.0667,5.3684,0.6079
13.47,-1.0637,5.3663,0.60701
13.48,-1.0606,5.3641,0.60611
13.49,-1.0576,5.362,0.60521
13.5,-1.0546,5.3599,0.60431
13.51,-1.0516,5.3578,0.60341
13.52,-1.0486,5.3557,0.6025
13.53,-1.0456,5.3536,0.6016
13.54,-1.0426,5.3515,0.60069
13.55,-1.0396,5.3494,0.59978
13.56,-1.0366,5.3473,0.59887
13.57,-1.0336,5.3453,0.59796
13.58,-1.0306,5.3432,0.59704
13.59,-1.0276,5.3412,0.59613
13.6,-1.0246,5.3391,0.59521
13.61,-1.0217,5.3371,0.59429
13.62,-1.0187,5.335,0.59337
13.63,-1.0157,5.333,0.59245
13.64,-1.0128,5.331,0.59153
13.65,-1.0098,5.3289,0.59061
13.66,-1.0069,5.3269,0.58968
13.67,-1.0039,5.3249,0.58876
13.68,-1.001,5.3229,0.58783
13.69,-0.99805,5.3209,0.5869
13.7,-0.99512,5.3189,0.58597
13.71,-0.9922,5.3169,0.58504
13.72,-0.98928,5.3149,0.58411
13.73,-0.98636,5.313,0.58317
13.74,-0.98345,5.311,0.58224
13.75,-0.98054,5.309,0.5813
13.76,-0.97764,5.3071,0.58036
13.77,-0.97474,5.3051,0.57942
13.78,-0.97185,5.3032,0.57848
13.79,-0.96896,5.3012,0.57754
13.8,-0.96608,5.2993,0.5766
13.81,-0.9632,5.2974,0.57566
13.82,-0.96033,5.2954,0.57471
13.83,-0.95746,5.2935,0.57377
13.84,-0.9546,5.2916,0.57282
13.85,-0.95174,5.2897,0.57187
13.86,-0.94888,5.2878,0.57092
13.87,-0.94603,5.2859,0.56997
13.88,-0.94319,5.284,0.56902
13.89,-0.94035,5.2821,0.56807
13.9,-0.93751,5.2803,0.56712
13.91,-0.93468,5.2784,0.56617
13.92,-0.93185,5.2765,0.56521
13.93,-0.92903,5.2747,0.56426
13.94,-0.92622,5.2728,0.5633
13.95,-0.9234,5.271,0.56234
13.96,-0.9206,5.2691,0.56138
13.97,-0.9178,5.2673,0.56042
13.98,-0.915,5.2654,0.55946
13.99,-0.91221,5.2636,0.5585
14,-0.90942,5.2618,0.55754
14.01,-0.90663,5.26,0.55658
14.02,-0.90386,5.2582,0.55561
14.03,-0.90108,5.2564,0.55465
14.04,-0.89831,5.2546,0.55369
14.05,-0.89555,5.2528,0.55272
14.06,-0.89279,5.251,0.55175
14.07,-0.89004,5.2492,0.55079
14.08,-0.88729,5.2474,0.54982
14.09,-0.88455,5.2456,0.54885
14.1,-0.88181,5.2439,0.54788
14.11,-0.87907,5.2421,0.54691
14.12,-0.87634,5.2404,0.54594
14.13,-0.87362,5.2386,0.54497
14.14,-0.8709,5.2369,0.54399
14.15,-0.86818,5.2351,0.54302
14.16,-0.86547,5.2334,0.54205
14.17,-0.86277,5.2317,0.54107
14.18,-0.86007,5.2299,0.5401
14.19,-0.85737,5.2282,0.53912
14.2,-0.85468,5.2265,0.53815
14.21,-0.85199,5.2248,0.53717
14.22,-0.84931,5.2231,0.53619
14.23,-0.84664,5.2214,0.53522
14.24,-0.84397,5.2197,0.53424
14.25,-0.8413,5.218,0.53326
14.26,-0.83864,5.2164,0.53228
14.27,-0.83598,5.2147,0.5313
14.28,-0.83333,5.213,0.53032
14.29,-0.83068,5.2113,0.52934
14.3,-0.82804,5.2097,0.52836
14.31,-0.8254,5.208,0.52738
14.32,-0.82277,5.2064,0.5264
14.33,-0.82014,5.2047,0.52542
14.34,-0.81752,5.2031,0.52443
14.35,-0.81491,5.2015,0.52345
14.36,-0.81229,5.1998,0.52247
14.37,-0.80969,5.1982,0.52148
14.38,-0.80708,5.1966,0.5205
14.39,-0.80449,5.195,0.51952
14.4,-0.80189,5.1934,0.51853
14.41,-0.79931,5.1918,0.51755
14.42,-0.79672,5.1902,0.51656
14.43,-0.79414,5.1886,0.51557
14.44,-0.79157,5.187,0.51459
14.45,-0.789,5.1854,0.5136
14.46,-0.78644,5.1839,0.51262
14.47,-0.78388,5.1823,0.51163
14.48,-0.78133,5.1807,0.51064
14.49,-0.77878,5.1792,0.50966
14.5,-0.77624,5.1776,0.50867
14.51,-0.7737,5.1761,0.50768
14.52,-0.77117,5.1745,0.50669
14.53,-0.76864,5.173,0.50571
14.54,-0.76611,5.1714,0.50472
14.55,-0.76359,5.1699,0.50373
14.56,-0.76108,5.1684,0.50274
14.57,-0.75857,5.1669,0.50175
14.58,-0.75607,5.1654,0.50076
14.59,-0.75357,5.1638,0.49978
14.6,-0.75108,5.1623,0.49879
14.61,-0.74859,5.1608,0.4978
14.62,-0.7461,5.1593,0.49681
14.63,-0.74362,5.1579,0.49582
14.64,-0.74115,5.1564,0.49483
14.65,-0.73868,5.1549,0.49384
14.66,-0.73622,5.1534,0.49285
14.67,-0.73376,5.1519,0.49186
14.68,-0.7313,5.1505,0.49087
14.69,-0.72885,5.149,0.48988
14.7,-0.72641,5.1476,0.48889
14.71,-0.72397,5.1461,0.48791
14.72,-0.72153,5.1447,0.48692
14.73,-0.7191,5.1432,0.48593
14.74,-0.71668,5.1418,0.48494
14.75,-0.71426,5.1404,0.48395
14.76,-0.71185,5.1389,0.48296
14.77,-0.70944,5.1375,0.48197
14.78,-0.70703,5.1361,0.48098
14.79,-0.70463,5.1347,0.47999
14.8,-0.70224,5.1333,0.479
14.81,-0.69985,5.1319,0.47802
14.82,-0.69746,5.1305,0.47703
14.83,-0.69508,5.1291,0.47604
14.84,-0.69271,5.1277,0.47505
14.85,-0.69033,5.1263,0.47406
14.86,-0.68797,5.1249,0.47307
14.87,-0.68561,5.1236,0.47209
14.88,-0.68325,5.1222,0.4711
14.89,-0.6809,5.1208,0.47011
14.9,-0.67856,5.1195,0.46912
14.91,-0.67622,5.1181,0.46814
14.92,-0.67388,5.1168,0.46715
14.93,-0.67155,5.1154,0.46616
14.94,-0.66922,5.1141,0.46518
14.95,-0.6669,5.1127,0.46419
14.96,-0.66459,5.1114,0.46321
14.97,-0.66228,5.1101,0.46222
14.98,-0.65997,5.1088,0.46124
14.99,-0.65767,5.1074,0.46025
15,-0.65537,5.1061,0.45927
15.01,-0.65308,5.1048,0.45828
15.02,-0.65079,5.1035,0.4573
15.03,-0.64851,5.1022,0.45631
15.04,-0.64624,5.1009,0.45533
15.05,-0.64396,5.0996,0.45435
15.06,-0.6417,5.0984,0.45336
15.07,-0.63944,5.0971,0.45238
15.08,-0.63718,5.0958,0.4514
15.09,-0.63493,5.0945,0.45042
15.1,-0.63268,5.0933,0.44944
15.11,-0.63044,5.092,0.44845
15.12,-0.6282,5.0907,0.44747
15.13,-0.62597,5.0895,0.44649
15.14,-0.62374,5.0882,0.44551
15.15,-0.62152,5.087,0.44453
15.16,-0.6193,5.0857,0.44355
15.17,-0.61709,5.0845,0.44258
15.18,-0.61488,5.0833,0.4416
15.19,-0.61268,5.082,0.44062
15.2,-0.61048,5.0808,0.43964
15.21,-0.60828,5.0796,0.43867
15.22,-0.6061,5.0784,0.43769
15.23,-0.60391,5.0772,0.43671
15.24,-0.60173,5.076,0.43574
15.25,-0.59956,5.0748,0.43476
15.26,-0.59739,5.0736,0.43379
15.27,-0.59523,5.0724,0.43281
15.28,-0.59307,5.0712,0.43184
15.29,-0.59091,5.07,0.43087
15.3,-0.58876,5.0688,0.42989
15.31,-0.58662,5.0677,0.42892
15.32,-0.58448,5.0665,0.42795
15.33,-0.58234,5.0653,0.42698
15.34,-0.58021,5.0642,0.42601
15.35,-0.57809,5.063,0.42504
15.36,-0.57597,5.0618,0.42407
15.37,-0.57385,5.0607,0.4231
15.38,-0.57174,5.0595,0.42213
15.39,-0.56964,5.0584,0.42117
15.4,-0.56754,5.0573,0.4202
15.41,-0.56544,5.0561,0.41923
15.42,-0.56335,5.055,0.41827
15.43,-0.56126,5.0539,0.4173
15.44,-0.55918,5.0528,0.41634
15.45,-0.5571,5.0516,0.41537
15.46,-0.55503,5.0505,0.41441
15.47,-0.55296,5.0494,0.41345
15.48,-0.5509,5.0483,0.41249
15.49,-0.54884,5.0472,0.41153
15.5,-0.54679,5.0461,0.41057
15.51,-0.54474,5.045,0.40961
15.52,-0.5427,5.0439,0.40865
15.53,-0.54066,5.0429,0.40769
15.54,-0.53863,5.0418,0.40673
15.55,-0.5366,5.0407,0.40577
15.56,-0.53457,5.0396,0.40482
15.57,-0.53256,5.0386,0.40386
15.58,-0.53054,5.0375,0.4029
15.59,-0.52853,5.0365,0.40195
15.6,-0.52653,5.0354,0.401
15.61,-0.52453,5.0343,0.40004
15.62,-0.52253,5.0333,0.39909
15.63,-0.52054,5.0323,0.39814
15.64,-0.51855,5.0312,0.39719
15.65,-0.51657,5.0302,0.39624
15.66,-0.5146,5.0291,0.39529
15.67,-0.51262,5.0281,0.39434
15.68,-0.51066,5.0271,0.39339
15.69,-0.50869,5.0261,0.39245
15.7,-0.50674,5.0251,0.3915
15.71,-0.50478,5.0241,0.39056
15.72,-0.50284,5.023,0.38961
15.73,-0.50089,5.022,0.38867
15.74,-0.49895,5.021,0.38773
15.75,-0.49702,5.02,0.38678
15.76,-0.49509,5.0191,0.38584
15.77,-0.49317,5.0181,0.3849
15.78,-0.49125,5.0171,0.38396
15.79,-0.48933,5.0161,0.38302
15.8,-0.48742,5.0151,0.38208
15.81,-0.48552,5.0141,0.38115
15.82,-0.48361,5.0132,0.38021
15.83,-0.48172,5.0122,0.37928
15.84,-0.47983,5.0113,0.37834
15.85,-0.47794,5.0103,0.37741
15.86,-0.47606,5.0093,0.37647
15.87,-0.47418,5.0084,0.37554
15.88,-0.47231,5.0074,0.37461
15.89,-0.47044,5.0065,0.37368
15.9,-0.46857,5.0056,0.37275
15.91,-0.46672,5.0046,0.37182
15.92,-0.46486,5.0037,0.3709
15.93,-0.46301,5.0028,0.36997
15.94,-0.46117,5.0018,0.36904
15.95,-0.45933,5.0009,0.36812
15.96,-0.45749,5,0.3672
15.97,-0.45566,4.9991,0.36627
15.98,-0.45383,4.9982,0.36535
15.99,-0.45201,4.9973,0.36443
16,-0.45019,4.9964,0.36351
16.01,-0.44838,4.9955,0.36259
16.02,-0.44657,4.9946,0.36167
16.03,-0.44477,4.9937,0.36075
16.04,-0.44297,4.9928,0.35984
16.05,-0.44117,4.9919,0.35892
16.06,-0.43938,4.991,0.35801
16.07,-0.4376,4.9902,0.35709
16.08,-0.43582,4.9893,0.35618
16.09,-0.43404,4.9884,0.35527
16.1,-0.43227,4.9876,0.35436
16.11,-0.4305,4.9867,0.35345
16.12,-0.42874,4.9858,0.35254
16.13,-0.42698,4.985,0.35163
16.14,-0.42523,4.9841,0.35073
16.15,-0.42348,4.9833,0.34982
16.16,-0.42173,4.9824,0.34892
16.17,-0.41999,4.9816,0.34801
16.18,-0.41826,4.9807,0.34711
16.19,-0.41653,4.9799,0.34621
16.2,-0.4148,4.9791,0.34531
16.21,-0.41308,4.9783,0.34441
16.22,-0.41136,4.9774,0.34351
16.23,-0.40965,4.9766,0.34261
16.24,-0.40794,4.9758,0.34172
16.25,-0.40623,4.975,0.34082
16.26,-0.40453,4.9742,0.33993
16.27,-0.40284,4.9734,0.33904
16.28,-0.40115,4.9726,0.33814
16.29,-0.39946,4.9718,0.33725
16.3,-0.39778,4.971,0.33636
16.31,-0.3961,4.9702,0.33547
16.32,-0.39443,4.9694,0.33459
16.33,-0.39276,4.9686,0.3337
16.34,-0.3911,4.9678,0.33281
16.35,-0.38944,4.967,0.33193
16.36,-0.38778,4.9662,0.33104
16.37,-0.38613,4.9655,0.33016
16.38,-0.38449,4.9647,0.32928
16.39,-0.38284,4.9639,0.3284
16.4,-0.38121,4.9632,0.32752
16.41,-0.37957,4.9624,0.32664
16.42,-0.37794,4.9617,0.32577
16.43,-0.37632,4.9609,0.32489
16.44,-0.3747,4.9601,0.32402
16.45,-0.37308,4.9594,0.32314
16.46,-0.37147,4.9587,0.32227
16.47,-0.36987,4.9579,0.3214
16.48,-0.36826,4.9572,0.32053
16.49,-0.36666,4.9564,0.31966
16.5,-0.36507,4.9557,0.31879
16.51,-0.36348,4.955,0.31792
16.52,-0.3619,4.9543,0.31706
16.53,-0.36031,4.9535,0.31619
16.54,-0.35874,4.9528,0.31533
16.55,-0.35717,4.9521,0.31447
16.56,-0.3556,4.9514,0.31361
16.57,-0.35403,4.9507,0.31275
16.58,-0.35247,4.95,0.31189
16.59,-0.35092,4.9493,0.31103
16.6,-0.34937,4.9486,0.31017
16.61,-0.34782,4.9479,0.30932
16.62,-0.34628,4.9472,0.30846
16.63,-0.34474,4.9465,0.30761
16.64,-0.34321,4.9458,0.30676
16.65,-0.34168,4.9451,0.30591
16.66,-0.34015,4.9444,0.30506
16.67,-0.33863,4.9437,0.30421
16.68,-0.33711,4.9431,0.30336
16.69,-0.3356,4.9424,0.30252
16.7,-0.33409,4.9417,0.30167
16.71,-0.33259,4.9411,0.30083
16.72,-0.33109,4.9404,0.29999
16.73,-0.32959,4.9397,0.29915
16.74,-0.3281,4.9391,0.29831
16.75,-0.32662,4.9384,0.29747
16.76,-0.32513,4.9378,0.29663
16.77,-0.32365,4.9371,0.29579
16.78,-0.32218,4.9365,0.29496
16.79,-0.32071,4.9358,0.29412
16.8,-0.31924,4.9352,0.29329
16.81,-0.31778,4.9346,0.29246
16.82,-0.31632,4.9339,0.29163
16.83,-0.31487,4.9333,0.2908
16.84,-0.31342,4.9327,0.28997
16.85,-0.31197,4.932,0.28915
16.86,-0.31053,4.9314,0.28832
16.87,-0.30909,4.9308,0.2875
16.88,-0.30766,4.9302,0.28667
16.89,-0.30623,4.9296,0.28585
16.9,-0.3048,4.929,0.28503
16.91,-0.30338,4.9283,0.28421
16.92,-0.30197,4.9277,0.28339
16.93,-0.30055,4.9271,0.28258
16.94,-0.29914,4.9265,0.28176
16.95,-0.29774,4.9259,0.28095
16.96,-0.29634,4.9254,0.28013
16.97,-0.29494,4.9248,0.27932
16.98,-0.29355,4.9242,0.27851
16.99,-0.29216,4.9236,0.2777
17,-0.29078,4.923,0.2769
17.01,-0.2894,4.9224,0.27609
17.02,-0.28802,4.9218,0.27528
17.03,-0.28665,4.9213,0.27448
17.04,-0.28528,4.9207,0.27368
17.05,-0.28391,4.9201,0.27287
17.06,-0.28255,4.9196,0.27207
17.07,-0.2812,4.919,0.27127
17.08,-0.27985,4.9184,0.27048
17.09,-0.2785,4.9179,0.26968
17.1,-0.27715,4.9173,0.26888
17.11,-0.27581,4.9168,0.26809
17.12,-0.27448,4.9162,0.2673
17.13,-0.27314,4.9157,0.26651
17.14,-0.27181,4.9151,0.26572
17.15,-0.27049,4.9146,0.26493
17.16,-0.26917,4.914,0.26414
17.17,-0.26785,4.9135,0.26335
17.18,-0.26654,4.913,0.26257
17.19,-0.26523,4.9124,0.26178
17.2,-0.26393,4.9119,0.261
17.21,-0.26262,4.9114,0.26022
17.22,-0.26133,4.9109,0.25944
17.23,-0.26003,4.9103,0.25866
17.24,-0.25874,4.9098,0.25789
17.25,-0.25746,4.9093,0.25711
17.26,-0.25618,4.9088,0.25633
17.27,-0.2549,4.9083,0.25556
17.28,-0.25363,4.9078,0.25479
17.29,-0.25236,4.9073,0.25402
17.3,-0.25109,4.9068,0.25325
17.31,-0.24983,4.9063,0.25248
17.32,-0.24857,4.9058,0.25171
17.33,-0.24731,4.9053,0.25095
17.34,-0.24606,4.9048,0.25018
17.35,-0.24482,4.9043,0.24942
17.36,-0.24357,4.9038,0.24866
17.37,-0.24233,4.9033,0.2479
17.38,-0.2411,4.9028,0.24714
17.39,-0.23987,4.9023,0.24638
17.4,-0.23864,4.9019,0.24563
17.41,-0.23741,4.9014,0.24487
17.42,-0.23619,4.9009,0.24412
17.43,-0.23498,4.9004,0.24337
17.44,-0.23376,4.9,0.24261
17.45,-0.23255,4.8995,0.24186
17.46,-0.23135,4.899,0.24112
17.47,-0.23015,4.8986,0.24037
17.48,-0.22895,4.8981,0.23962
17.49,-0.22775,4.8977,0.23888
17.5,-0.22656,4.8972,0.23814
17.51,-0.22538,4.8968,0.23739
17.52,-0.22419,4.8963,0.23665
17.53,-0.22301,4.8959,0.23591
17.54,-0.22184,4.8954,0.23518
17.55,-0.22066,4.895,0.23444
17.56,-0.2195,4.8945,0.2337
17.57,-0.21833,4.8941,0.23297
17.58,-0.21717,4.8937,0.23224
17.59,-0.21601,4.8932,0.23151
17.6,-0.21486,4.8928,0.23078
17.61,-0.21371,4.8924,0.23005
17.62,-0.21256,4.8919,0.22932
17.63,-0.21142,4.8915,0.2286
17.64,-0.21028,4.8911,0.22787
17.65,-0.20914,4.8907,0.22715
17.66,-0.20801,4.8903,0.22643
17.67,-0.20688,4.8898,0.22571
17.68,-0.20576,4.8894,0.22499
17.69,-0.20464,4.889,0.22427
17.7,-0.20352,4.8886,0.22355
17.71,-0.2024,4.8882,0.22284
17.72,-0.20129,4.8878,0.22212
17.73,-0.20019,4.8874,0.22141
17.74,-0.19908,4.887,0.2207
17.75,-0.19798,4.8866,0.21999
17.76,-0.19689,4.8862,0.21928
17.77,-0.19579,4.8858,0.21857
17.78,-0.19471,4.8854,0.21787
17.79,-0.19362,4.885,0.21716
17.8,-0.19254,4.8847,0.21646
17.81,-0.19146,4.8843,0.21576
17.82,-0.19038,4.8839,0.21506
17.83,-0.18931,4.8835,0.21436
17.84,-0.18824,4.8831,0.21366
17.85,-0.18718,4.8828,0.21297
17.86,-0.18612,4.8824,0.21227
17.87,-0.18506,4.882,0.21158
17.88,-0.184,4.8816,0.21089
17.89,-0.18295,4.8813,0.2102
17.9,-0.18191,4.8809,0.20951
17.91,-0.18086,4.8806,0.20882
17.92,-0.17982,4.8802,0.20813
17.93,-0.17878,4.8798,0.20745
17.94,-0.17775,4.8795,0.20676
17.95,-0.17672,4.8791,0.20608
17.96,-0.17569,4.8788,0.2054
17.97,-0.17467,4.8784,0.20472
17.98,-0.17365,4.8781,0.20404
17.99,-0.17263,4.8777,0.20336
18,-0.17162,4.8774,0.20268
18.01,-0.17061,4.877,0.20201
18.02,-0.1696,4.8767,0.20134
18.03,-0.1686,4.8764,0.20066
18.04,-0.1676,4.876,0.19999
18.05,-0.1666,4.8757,0.19932
18.06,-0.16561,4.8754,0.19866
18.07,-0.16462,4.875,0.19799
18.08,-0.16363,4.8747,0.19732
18.09,-0.16265,4.8744,0.19666
18.1,-0.16167,4.874,0.196
18.11,-0.16069,4.8737,0.19534
18.12,-0.15972,4.8734,0.19468
18.13,-0.15875,4.8731,0.19402
18.14,-0.15778,4.8728,0.19336
18.15,-0.15682,4.8725,0.19271
18.16,-0.15586,4.8721,0.19205
18.17,-0.1549,4.8718,0.1914
18.18,-0.15395,4.8715,0.19075
18.19,-0.153,4.8712,0.1901
18.2,-0.15205,4.8709,0.18945
18.21,-0.15111,4.8706,0.1888
18.22,-0.15016,4.8703,0.18815
18.23,-0.14923,4.87,0.18751
18.24,-0.14829,4.8697,0.18686
18.25,-0.14736,4.8694,0.18622
18.26,-0.14643,4.8691,0.18558
18.27,-0.14551,4.8688,0.18494
18.28,-0.14459,4.8685,0.1843
18.29,-0.14367,4.8683,0.18367
18.3,-0.14275,4.868,0.18303
18.31,-0.14184,4.8677,0.1824
18.32,-0.14093,4.8674,0.18176
18.33,-0.14003,4.8671,0.18113
18.34,-0.13913,4.8668,0.1805
18.35,-0.13823,4.8666,0.17987
18.36,-0.13733,4.8663,0.17924
18.37,-0.13644,4.866,0.17862
18.38,-0.13555,4.8657,0.17799
18.39,-0.13466,4.8655,0.17737
18.4,-0.13378,4.8652,0.17675
18.41,-0.1329,4.8649,0.17613
18.42,-0.13202,4.8647,0.17551
18.43,-0.13114,4.8644,0.17489
18.44,-0.13027,4.8641,0.17427
18.45,-0.1294,4.8639,0.17366
18.46,-0.12854,4.8636,0.17304
18.47,-0.12768,4.8634,0.17243
18.48,-0.12682,4.8631,0.17182
18.49,-0.12596,4.8629,0.17121
18.5,-0.12511,4.8626,0.1706
18.51,-0.12426,4.8624,0.16999
18.52,-0.12341,4.8621,0.16939
18.53,-0.12257,4.8619,0.16878
18.54,-0.12173,4.8616,0.16818
18.55,-0.12089,4.8614,0.16758
18.56,-0.12005,4.8611,0.16698
18.57,-0.11922,4.8609,0.16638
18.58,-0.11839,4.8607,0.16578
18.59,-0.11757,4.8604,0.16518
18.6,-0.11674,4.8602,0.16459
18.61,-0.11592,4.86,0.16399
18.62,-0.11511,4.8597,0.1634
18.63,-0.11429,4.8595,0.16281
18.64,-0.11348,4.8593,0.16222
18.65,-0.11267,4.859,0.16163
18.66,-0.11187,4.8588,0.16104
18.67,-0.11107,4.8586,0.16046
18.68,-0.11027,4.8584,0.15987
18.69,-0.10947,4.8582,0.15929
18.7,-0.10868,4.8579,0.1587
18.71,-0.10789,4.8577,0.15812
18.72,-0.1071,4.8575,0.15754
18.73,-0.10631,4.8573,0.15697
18.74,-0.10553,4.8571,0.15639
18.75,-0.10475,4.8569,0.15581
18.76,-0.10398,4.8567,0.15524
18.77,-0.1032,4.8565,0.15467
18.78,-0.10243,4.8563,0.1541
18.79,-0.10167,4.856,0.15352
18.8,-0.1009,4.8558,0.15296
18.81,-0.10014,4.8556,0.15239
18.82,-0.09938,4.8554,0.15182
18.83,-0.098623,4.8552,0.15126
18.84,-0.09787,4.855,0.15069
18.85,-0.097119,4.8549,0.15013
18.86,-0.096371,4.8547,0.14957
18.87,-0.095626,4.8545,0.14901
18.88,-0.094884,4.8543,0.14845
18.89,-0.094145,4.8541,0.14789
18.9,-0.093408,4.8539,0.14734
18.91,-0.092674,4.8537,0.14678
18.92,-0.091943,4.8535,0.14623
18.93,-0.091214,4.8533,0.14568
18.94,-0.090489,4.8532,0.14513
18.95,-0.089766,4.853,0.14458
18.96,-0.089046,4.8528,0.14403
18.97,-0.088328,4.8526,0.14348
18.98,-0.087614,4.8525,0.14294
18.99,-0.086902,4.8523,0.1424
19,-0.086192,4.8521,0.14185
19.01,-0.085486,4.8519,0.14131
19.02,-0.084782,4.8518,0.14077
19.03,-0.084081,4.8516,0.14023
19.04,-0.083382,4.8514,0.13969
19.05,-0.082687,4.8513,0.13916
19.06,-0.081993,4.8511,0.13862
19.07,-0.081303,4.8509,0.13809
19.08,-0.080615,4.8508,0.13756
19.09,-0.07993,4.8506,0.13703
19.1,-0.079248,4.8505,0.1365
19.11,-0.078568,4.8503,0.13597
19.12,-0.077891,4.8501,0.13544
19.13,-0.077216,4.85,0.13491
19.14,-0.076544,4.8498,0.13439
19.15,-0.075875,4.8497,0.13387
19.16,-0.075208,4.8495,0.13334
19.17,-0.074544,4.8494,0.13282
19.18,-0.073882,4.8492,0.1323
19.19,-0.073223,4.8491,0.13178
19.2,-0.072567,4.8489,0.13127
19.21,-0.071913,4.8488,0.13075
19.22,-0.071262,4.8486,0.13024
19.23,-0.070614,4.8485,0.12972
19.24,-0.069967,4.8484,0.12921
19.25,-0.069324,4.8482,0.1287
19.26,-0.068683,4.8481,0.12819
19.27,-0.068045,4.8479,0.12768
19.28,-0.067409,4.8478,0.12718
19.29,-0.066775,4.8477,0.12667
19.3,-0.066144,4.8475,0.12617
19.31,-0.065516,4.8474,0.12566
19.32,-0.06489,4.8473,0.12516
19.33,-0.064267,4.8472,0.12466
19.34,-0.063646,4.847,0.12416
19.35,-0.063028,4.8469,0.12366
19.36,-0.062412,4.8468,0.12317
19.37,-0.061799,4.8467,0.12267
19.38,-0.061188,4.8465,0.12218
19.39,-0.060579,4.8464,0.12168
19.4,-0.059973,4.8463,0.12119
19.41,-0.05937,4.8462,0.1207
19.42,-0.058769,4.846,0.12021
19.43,-0.05817,4.8459,0.11972
19.44,-0.057574,4.8458,0.11924
19.45,-0.05698,4.8457,0.11875
19.46,-0.056389,4.8456,0.11827
19.47,-0.0558,4.8455,0.11778
19.48,-0.055214,4.8454,0.1173
19.49,-0.054629,4.8453,0.11682
19.5,-0.054048,4.8451,0.11634
19.51,-0.053468,4.845,0.11586
19.52,-0.052891,4.8449,0.11539
19.53,-0.052317,4.8448,0.11491
19.54,-0.051745,4.8447,0.11444
19.55,-0.051175,4.8446,0.11396
19.56,-0.050607,4.8445,0.11349
19.57,-0.050042,4.8444,0.11302
19.58,-0.04948,4.8443,0.11255
19.59,-0.048919,4.8442,0.11208
19.6,-0.048361,4.8441,0.11162
19.61,-0.047805,4.844,0.11115
19.62,-0.047252,4.8439,0.11069
19.63,-0.046701,4.8438,0.11022
19.64,-0.046152,4.8437,0.10976
19.65,-0.045605,4.8437,0.1093
19.66,-0.045061,4.8436,0.10884
19.67,-0.044519,4.8435,0.10838
19.68,-0.04398,4.8434,0.10792
19.69,-0.043442,4.8433,0.10747
19.7,-0.042907,4.8432,0.10701
19.71,-0.042374,4.8431,0.10656
19.72,-0.041844,4.843,0.10611
19.73,-0.041316,4.843,0.10566
19.74,-0.04079,4.8429,0.10521
19.75,-0.040266,4.8428,0.10476
19.76,-0.039744,4.8427,0.10431
19.77,-0.039225,4.8426,0.10386
19.78,-0.038708,4.8426,0.10342
19.79,-0.038193,4.8425,0.10297
19.8,-0.03768,4.8424,0.10253
19.81,-0.03717,4.8423,0.10209
19.82,-0.036662,4.8423,0.10165
19.83,-0.036156,4.8422,0.10121
19.84,-0.035652,4.8421,0.10077
19.85,-0.03515,4.842,0.10033
19.86,-0.034651,4.842,0.099899
19.87,-0.034153,4.8419,0.099464
19.88,-0.033658,4.8418,0.099031
19.89,-0.033165,4.8418,0.098599
19.9,-0.032674,4.8417,0.098168
19.91,-0.032186,4.8416,0.097738
19.92,-0.031699,4.8416,0.097309
19.93,-0.031215,4.8415,0.096882
19.94,-0.030732,4.8414,0.096455
19.95,-0.030252,4.8414,0.09603
19.96,-0.029774,4.8413,0.095606
19.97,-0.029298,4.8413,0.095184
19.98,-0.028824,4.8412,0.094762
19.99,-0.028353,4.8412,0.094341
20,-0.027883,4.8411,0.093922
20.01,-0.027416,4.841,0.093504
20.02,-0.02695,4.841,0.093087
20.03,-0.026487,4.8409,0.092671
20.04,-0.026026,4.8409,0.092256
20.05,-0.025566,4.8408,0.091843
20.06,-0.025109,4.8408,0.091431
20.07,-0.024654,4.8407,0.091019
20.08,-0.024201,4.8407,0.090609
20.09,-0.02375,4.8406,0.0902
20.1,-0.023301,4.8406,0.089793
20.11,-0.022854,4.8405,0.089386
20.12,-0.022409,4.8405,0.088981
20.13,-0.021966,4.8404,0.088576
20.14,-0.021525,4.8404,0.088173
20.15,-0.021087,4.8404,0.087771
20.16,-0.02065,4.8403,0.08737
20.17,-0.020215,4.8403,0.08697
20.18,-0.019782,4.8402,0.086572
20.19,-0.019351,4.8402,0.086174
20.2,-0.018922,4.8402,0.085778
20.21,-0.018495,4.8401,0.085383
20.22,-0.01807,4.8401,0.084988
20.23,-0.017647,4.8401,0.084595
20.24,-0.017226,4.84,0.084204
20.25,-0.016807,4.84,0.083813
20.26,-0.01639,4.84,0.083423
20.27,-0.015975,4.8399,0.083035
20.28,-0.015562,4.8399,0.082647
20.29,-0.015151,4.8399,0.082261
20.3,-0.014741,4.8398,0.081876
20.31,-0.014334,4.8398,0.081492
20.32,-0.013928,4.8398,0.081109
20.33,-0.013525,4.8397,0.080727
20.34,-0.013123,4.8397,0.080346
20.35,-0.012723,4.8397,0.079967
20.36,-0.012325,4.8397,0.079588
20.37,-0.011929,4.8396,0.079211
20.38,-0.011535,4.8396,0.078834
20.39,-0.011142,4.8396,0.078459
20.4,-0.010752,4.8396,0.078085
20.41,-0.010364,4.8396,0.077712
20.42,-0.0099768,4.8395,0.07734
20.43,-0.009592,4.8395,0.076969
20.44,-0.009209,4.8395,0.076599
20.45,-0.0088278,4.8395,0.076231
20.46,-0.0084485,4.8395,0.075863
20.47,-0.008071,4.8394,0.075497
20.48,-0.0076954,4.8394,0.075131
20.49,-0.0073215,4.8394,0.074767
20.5,-0.0069495,4.8394,0.074404
20.51,-0.0065793,4.8394,0.074042
20.52,-0.0062109,4.8394,0.07368
20.53,-0.0058443,4.8394,0.07332
20.54,-0.0054795,4.8393,0.072961
20.55,-0.0051165,4.8393,0.072604
20.56,-0.0047552,4.8393,0.072247
20.57,-0.0043958,4.8393,0.071891
20.58,-0.0040381,4.8393,0.071536
20.59,-0.0036822,4.8393,0.071183
20.6,-0.003328,4.8393,0.07083
20.61,-0.0029756,4.8393,0.070479
20.62,-0.002625,4.8393,0.070128
20.63,-0.0022761,4.8393,0.069779
20.64,-0.001929,4.8393,0.069431
20.65,-0.0015835,4.8393,0.069083
20.66,-0.0012398,4.8393,0.068737
20.67,-0.00089789,4.8393,0.068392
20.68,-0.00055765,4.8393,0.068048
20.69,-0.00021913,4.8393,0.067705
20.7,0.00011769,4.8393,0.067363
20.71,0.00045279,4.8393,0.067022
20.72,0.0007862,4.8393,0.066682
20.73,0.0011179,4.8393,0.066343
20.74,0.0014479,4.8393,0.066005
20.75,0.0017763,4.8393,0.065668
20.76,0.0021029,4.8393,0.065332
20.77,0.0024279,4.8393,0.064997
20.78,0.0027512,4.8393,0.064664
20.79,0.0030729,4.8393,0.064331
20.8,0.0033929,4.8393,0.063999
20.81,0.0037112,4.8393,0.063669
20.82,0.0040279,4.8393,0.063339
20.83,0.004343,4.8393,0.06301
20.84,0.0046564,4.8393,0.062683
20.85,0.0049682,4.8393,0.062356
20.86,0.0052783,4.8393,0.062031
20.87,0.0055869,4.8394,0.061706
20.88,0.0058938,4.8394,0.061382
20.89,0.0061991,4.8394,0.06106
20.9,0.0065028,4.8394,0.060738
20.91,0.0068049,4.8394,0.060418
20.92,0.0071054,4.8394,0.060098
20.93,0.0074042,4.8394,0.05978
20.94,0.0077016,4.8395,0.059462
20.95,0.0079973,4.8395,0.059146
20.96,0.0082914,4.8395,0.05883
20.97,0.008584,4.8395,0.058516
20.98,0.008875,4.8395,0.058202
20.99,0.0091645,4.8395,0.05789
21,0.0094524,4.8396,0.057578
21.01,0.0097387,4.8396,0.057268
21.02,0.010023,4.8396,0.056958
21.03,0.010307,4.8396,0.056649
21.04,0.010588,4.8396,0.056342
21.05,0.010869,4.8397,0.056035
21.06,0.011147,4.8397,0.055729
21.07,0.011424,4.8397,0.055425
21.08,0.0117,4.8397,0.055121
21.09,0.011974,4.8397,0.054818
21.1,0.012247,4.8398,0.054517
21.11,0.012518,4.8398,0.054216
21.12,0.012787,4.8398,0.053916
21.13,0.013055,4.8398,0.053617
21.14,0.013322,4.8399,0.053319
21.15,0.013587,4.8399,0.053022
21.16,0.013851,4.8399,0.052726
21.17,0.014113,4.84,0.052431
21.18,0.014374,4.84,0.052137
21.19,0.014633,4.84,0.051844
21.2,0.014891,4.84,0.051552
21.21,0.015147,4.8401,0.051261
21.22,0.015402,4.8401,0.050971
21.23,0.015655,4.8401,0.050681
21.24,0.015907,4.8402,0.050393
21.25,0.016158,4.8402,0.050106
21.26,0.016407,4.8402,0.049819
21.27,0.016654,4.8403,0.049534
21.28,0.016901,4.8403,0.049249
21.29,0.017145,4.8403,0.048965
21.3,0.017389,4.8404,0.048683
21.31,0.017631,4.8404,0.048401
21.32,0.017872,4.8404,0.04812
21.33,0.018111,4.8405,0.04784
21.34,0.018349,4.8405,0.047561
21.35,0.018585,4.8405,0.047283
21.36,0.01882,4.8406,0.047006
21.37,0.019054,4.8406,0.04673
21.38,0.019286,4.8407,0.046454
21.39,0.019517,4.8407,0.04618
21.4,0.019746,4.8407,0.045907
21.41,0.019974,4.8408,0.045634
21.42,0.020201,4.8408,0.045362
21.43,0.020427,4.8409,0.045092
21.44,0.020651,4.8409,0.044822
21.45,0.020874,4.8409,0.044553
21.46,0.021095,4.841,0.044285
21.47,0.021315,4.841,0.044018
21.48,0.021534,4.8411,0.043752
21.49,0.021751,4.8411,0.043486
21.5,0.021967,4.8412,0.043222
21.51,0.022182,4.8412,0.042958
21.52,0.022396,4.8412,0.042696
21.53,0.022608,4.8413,0.042434
21.54,0.022819,4.8413,0.042173
21.55,0.023028,4.8414,0.041913
21.56,0.023237,4.8414,0.041654
21.57,0.023444,4.8415,0.041396
21.58,0.023649,4.8415,0.041139
21.59,0.023854,4.8416,0.040882
21.6,0.024057,4.8416,0.040627
21.61,0.024259,4.8417,0.040372
21.62,0.024459,4.8417,0.040118
21.63,0.024659,4.8418,0.039865
21.64,0.024857,4.8418,0.039613
21.65,0.025053,4.8419,0.039362
21.66,0.025249,4.8419,0.039112
21.67,0.025443,4.842,0.038863
21.68,0.025636,4.842,0.038614
21.69,0.025828,4.8421,0.038366
21.7,0.026019,4.8421,0.03812
21.71,0.026208,4.8422,0.037874
21.72,0.026396,4.8422,0.037628
21.73,0.026583,4.8423,0.037384
21.74,0.026769,4.8423,0.037141
21.75,0.026953,4.8424,0.036898
21.76,0.027137,4.8424,0.036656
21.77,0.027319,4.8425,0.036416
21.78,0.0275,4.8425,0.036176
21.79,0.027679,4.8426,0.035936
21.8,0.027858,4.8427,0.035698
21.81,0.028035,4.8427,0.035461
21.82,0.028211,4.8428,0.035224
21.83,0.028386,4.8428,0.034988
21.84,0.02856,4.8429,0.034753
21.85,0.028733,4.8429,0.034519
21.86,0.028904,4.843,0.034286
21.87,0.029074,4.8431,0.034053
21.88,0.029243,4.8431,0.033822
21.89,0.029411,4.8432,0.033591
21.9,0.029578,4.8432,0.033361
21.91,0.029744,4.8433,0.033132
21.92,0.029908,4.8434,0.032903
21.93,0.030072,4.8434,0.032676
21.94,0.030234,4.8435,0.032449
21.95,0.030395,4.8435,0.032223
21.96,0.030555,4.8436,0.031998
21.97,0.030714,4.8437,0.031774
21.98,0.030872,4.8437,0.03155
21.99,0.031028,4.8438,0.031328
22,0.031184,4.8438,0.031106
22.01,0.031338,4.8439,0.030885
22.02,0.031492,4.844,0.030665
22.03,0.031644,4.844,0.030445
22.04,0.031795,4.8441,0.030226
22.05,0.031945,4.8442,0.030009
22.06,0.032094,4.8442,0.029792
22.07,0.032242,4.8443,0.029575
22.08,0.032389,4.8443,0.02936
22.09,0.032534,4.8444,0.029145
22.1,0.032679,4.8445,0.028931
22.11,0.032823,4.8445,0.028718
22.12,0.032965,4.8446,0.028506
22.13,0.033107,4.8447,0.028294
22.14,0.033247,4.8447,0.028084
22.15,0.033386,4.8448,0.027874
22.16,0.033525,4.8449,0.027664
22.17,0.033662,4.8449,0.027456
22.18,0.033798,4.845,0.027248
22.19,0.033933,4.8451,0.027041
22.2,0.034068,4.8451,0.026835
22.21,0.034201,4.8452,0.02663
22.22,0.034333,4.8453,0.026425
22.23,0.034464,4.8454,0.026222
22.24,0.034594,4.8454,0.026019
22.25,0.034723,4.8455,0.025816
22.26,0.034851,4.8456,0.025615
22.27,0.034978,4.8456,0.025414
22.28,0.035104,4.8457,0.025214
22.29,0.035229,4.8458,0.025015
22.3,0.035354,4.8458,0.024816
22.31,0.035477,4.8459,0.024619
22.32,0.035599,4.846,0.024422
22.33,0.03572,4.8461,0.024225
22.34,0.03584,4.8461,0.02403
22.35,0.035959,4.8462,0.023835
22.36,0.036077,4.8463,0.023641
22.37,0.036195,4.8463,0.023448
22.38,0.036311,4.8464,0.023255
22.39,0.036426,4.8465,0.023063
22.4,0.036541,4.8466,0.022872
22.41,0.036654,4.8466,0.022682
22.42,0.036766,4.8467,0.022492
22.43,0.036878,4.8468,0.022303
22.44,0.036989,4.8469,0.022115
22.45,0.037098,4.8469,0.021928
22.46,0.037207,4.847,0.021741
22.47,0.037315,4.8471,0.021555
22.48,0.037422,4.8472,0.02137
22.49,0.037527,4.8472,0.021185
22.5,0.037632,4.8473,0.021002
22.51,0.037737,4.8474,0.020819
22.52,0.03784,4.8475,0.020636
22.53,0.037942,4.8475,0.020454
22.54,0.038043,4.8476,0.020273
22.55,0.038144,4.8477,0.020093
22.56,0.038243,4.8478,0.019914
22.57,0.038342,4.8478,0.019735
22.58,0.03844,4.8479,0.019557
22.59,0.038537,4.848,0.019379
22.6,0.038633,4.8481,0.019202
22.61,0.038728,4.8481,0.019026
22.62,0.038822,4.8482,0.018851
22.63,0.038916,4.8483,0.018676
22.64,0.039008,4.8484,0.018502
22.65,0.0391,4.8485,0.018329
22.66,0.03919,4.8485,0.018157
22.67,0.03928,4.8486,0.017985
22.68,0.039369,4.8487,0.017813
22.69,0.039458,4.8488,0.017643
22.7,0.039545,4.8488,0.017473
22.71,0.039632,4.8489,0.017304
22.72,0.039717,4.849,0.017135
22.73,0.039802,4.8491,0.016968
22.74,0.039886,4.8492,0.016801
22.75,0.039969,4.8492,0.016634
22.76,0.040052,4.8493,0.016468
22.77,0.040133,4.8494,0.016303
22.78,0.040214,4.8495,0.016139
22.79,0.040294,4.8496,0.015975
22.8,0.040373,4.8496,0.015812
22.81,0.040451,4.8497,0.015649
22.82,0.040528,4.8498,0.015488
22.83,0.040605,4.8499,0.015326
22.84,0.040681,4.85,0.015166
22.85,0.040756,4.8501,0.015006
22.86,0.04083,4.8501,0.014847
22.87,0.040904,4.8502,0.014688
22.88,0.040976,4.8503,0.014531
22.89,0.041048,4.8504,0.014373
22.9,0.041119,4.8505,0.014217
22.91,0.04119,4.8505,0.014061
22.92,0.041259,4.8506,0.013906
22.93,0.041328,4.8507,0.013751
22.94,0.041396,4.8508,0.013597
22.95,0.041463,4.8509,0.013444
22.96,0.041529,4.851,0.013291
22.97,0.041595,4.851,0.013139
22.98,0.04166,4.8511,0.012988
22.99,0.041724,4.8512,0.012837
23,0.041788,4.8513,0.012687
23.01,0.04185,4.8514,0.012537
23.02,0.041912,4.8515,0.012388
23.03,0.041974,4.8515,0.01224
23.04,0.042034,4.8516,0.012092
23.05,0.042094,4.8517,0.011945
23.06,0.042153,4.8518,0.011799
23.07,0.042211,4.8519,0.011653
23.08,0.042269,4.852,0.011508
23.09,0.042325,4.852,0.011363
23.1,0.042381,4.8521,0.011219
23.11,0.042437,4.8522,0.011076
23.12,0.042491,4.8523,0.010933
23.13,0.042545,4.8524,0.010791
23.14,0.042599,4.8525,0.01065
23.15,0.042651,4.8526,0.010509
23.16,0.042703,4.8526,0.010369
23.17,0.042754,4.8527,0.010229
23.18,0.042805,4.8528,0.01009
23.19,0.042854,4.8529,0.0099513
23.2,0.042903,4.853,0.0098135
23.21,0.042952,4.8531,0.0096762
23.22,0.043,4.8532,0.0095395
23.23,0.043047,4.8532,0.0094034
23.24,0.043093,4.8533,0.0092679
23.25,0.043139,4.8534,0.009133
23.26,0.043184,4.8535,0.0089987
23.27,0.043228,4.8536,0.008865
23.28,0.043272,4.8537,0.0087318
23.29,0.043315,4.8538,0.0085993
23.3,0.043357,4.8538,0.0084673
23.31,0.043399,4.8539,0.0083359
23.32,0.04344,4.854,0.0082051
23.33,0.04348,4.8541,0.0080748
23.34,0.04352,4.8542,0.0079452
23.35,0.043559,4.8543,0.0078161
23.36,0.043597,4.8544,0.0076876
23.37,0.043635,4.8545,0.0075596
23.38,0.043672,4.8545,0.0074323
23.39,0.043709,4.8546,0.0073055
23.4,0.043745,4.8547,0.0071792
23.41,0.04378,4.8548,0.0070536
23.42,0.043815,4.8549,0.0069285
23.43,0.043849,4.855,0.0068039
23.44,0.043882,4.8551,0.0066799
23.45,0.043915,4.8552,0.0065565
23.46,0.043947,4.8552,0.0064336
23.47,0.043978,4.8553,0.0063113
23.48,0.044009,4.8554,0.0061896
23.49,0.04404,4.8555,0.0060684
23.5,0.044069,4.8556,0.0059477
23.51,0.044099,4.8557,0.0058276
23.52,0.044127,4.8558,0.005708
23.53,0.044155,4.8559,0.005589
23.54,0.044182,4.8559,0.0054706
23.55,0.044209,4.856,0.0053526
23.56,0.044235,4.8561,0.0052353
23.57,0.044261,4.8562,0.0051184
23.58,0.044286,4.8563,0.0050021
23.59,0.04431,4.8564,0.0048864
23.6,0.044334,4.8565,0.0047711
23.61,0.044358,4.8566,0.0046564
23.62,0.04438,4.8567,0.0045423
23.63,0.044402,4.8567,0.0044286
23.64,0.044424,4.8568,0.0043155
23.65,0.044445,4.8569,0.004203
23.66,0.044465,4.857,0.0040909
23.67,0.044485,4.8571,0.0039794
23.68,0.044505,4.8572,0.0038684
23.69,0.044523,4.8573,0.0037579
23.7,0.044542,4.8574,0.003648
23.71,0.044559,4.8575,0.0035385
23.72,0.044577,4.8575,0.0034296
23.73,0.044593,4.8576,0.0033212
23.74,0.044609,4.8577,0.0032133
23.75,0.044625,4.8578,0.0031059
23.76,0.04464,4.8579,0.0029991
23.77,0.044654,4.858,0.0028927
23.78,0.044668,4.8581,0.0027869
23.79,0.044682,4.8582,0.0026815
23.8,0.044694,4.8583,0.0025767
23.81,0.044707,4.8584,0.0024724
23.82,0.044719,4.8584,0.0023685
23.83,0.04473,4.8585,0.0022652
23.84,0.044741,4.8586,0.0021624
23.85,0.044751,4.8587,0.0020601
23.86,0.044761,4.8588,0.0019582
23.87,0.04477,4.8589,0.0018569
23.88,0.044779,4.859,0.0017561
23.89,0.044787,4.8591,0.0016557
23.9,0.044795,4.8592,0.0015558
23.91,0.044802,4.8592,0.0014565
23.92,0.044809,4.8593,0.0013576
23.93,0.044815,4.8594,0.0012592
23.94,0.044821,4.8595,0.0011613
23.95,0.044827,4.8596,0.0010638
23.96,0.044831,4.8597,0.0009669
23.97,0.044836,4.8598,0.00087044
23.98,0.04484,4.8599,0.00077445
23.99,0.044843,4.86,0.00067894
24,0.044846,4.8601,0.00058391
24.01,0.044848,4.8601,0.00048935
24.02,0.04485,4.8602,0.00039526
24.03,0.044852,4.8603,0.00030165
24.04,0.044853,4.8604,0.00020851
24.05,0.044853,4.8605,0.00011583
24.06,0.044854,4.8606,2.3626e-05
24.07,0.044853,4.8607,-6.8114e-05
24.08,0.044852,4.8608,-0.00015939
24.09,0.044851,4.8609,-0.0002502
24.1,0.044849,4.861,-0.00034055
24.11,0.044847,4.861,-0.00043044
24.12,0.044845,4.8611,-0.00051987
24.13,0.044842,4.8612,-0.00060884
24.14,0.044838,4.8613,-0.00069736
24.15,0.044834,4.8614,-0.00078542
24.16,0.04483,4.8615,-0.00087303
24.17,0.044825,4.8616,-0.00096019
24.18,0.04482,4.8617,-0.0010469
24.19,0.044814,4.8618,-0.0011331
24.2,0.044808,4.8618,-0.001219
24.21,0.044802,4.8619,-0.0013043
24.22,0.044795,4.862,-0.0013892
24.23,0.044787,4.8621,-0.0014737
24.24,0.044779,4.8622,-0.0015577
24.25,0.044771,4.8623,-0.0016413
24.26,0.044763,4.8624,-0.0017245
24.27,0.044754,4.8625,-0.0018072
24.28,0.044744,4.8626,-0.0018895
24.29,0.044734,4.8627,-0.0019713
24.3,0.044724,4.8627,-0.0020527
24.31,0.044713,4.8628,-0.0021337
24.32,0.044702,4.8629,-0.0022142
24.33,0.044691,4.863,-0.0022943
24.34,0.044679,4.8631,-0.002374
24.35,0.044667,4.8632,-0.0024533
24.36,0.044654,4.8633,-0.0025321
24.37,0.044641,4.8634,-0.0026105
24.38,0.044628,4.8635,-0.0026885
24.39,0.044614,4.8635,-0.002766
24.4,0.044599,4.8636,-0.0028432
24.41,0.044585,4.8637,-0.0029199
24.42,0.04457,4.8638,-0.0029962
24.43,0.044555,4.8639,-0.0030721
24.44,0.044539,4.864,-0.0031476
24.45,0.044523,4.8641,-0.0032226
24.46,0.044506,4.8642,-0.0032973
24.47,0.044489,4.8643,-0.0033715
24.48,0.044472,4.8643,-0.0034453
24.49,0.044455,4.8644,-0.0035187
24.5,0.044437,4.8645,-0.0035917
24.51,0.044418,4.8646,-0.0036643
24.52,0.0444,4.8647,-0.0037365
24.53,0.044381,4.8648,-0.0038083
24.54,0.044361,4.8649,-0.0038797
24.55,0.044341,4.865,-0.0039507
24.56,0.044321,4.8651,-0.0040213
24.57,0.044301,4.8651,-0.0040915
24.58,0.04428,4.8652,-0.0041613
24.59,0.044259,4.8653,-0.0042307
24.6,0.044237,4.8654,-0.0042997
24.61,0.044216,4.8655,-0.0043683
24.62,0.044193,4.8656,-0.0044365
24.63,0.044171,4.8657,-0.0045043
24.64,0.044148,4.8658,-0.0045718
24.65,0.044125,4.8659,-0.0046388
24.66,0.044101,4.8659,-0.0047055
24.67,0.044077,4.866,-0.0047718
24.68,0.044053,4.8661,-0.0048377
24.69,0.044029,4.8662,-0.0049032
24.7,0.044004,4.8663,-0.0049683
24.71,0.043979,4.8664,-0.0050331
24.72,0.043953,4.8665,-0.0050974
24.73,0.043927,4.8666,-0.0051614
24.74,0.043901,4.8666,-0.0052251
24.75,0.043875,4.8667,-0.0052883
24.76,0.043848,4.8668,-0.0053512
24.77,0.043821,4.8669,-0.0054137
24.78,0.043794,4.867,-0.0054758
24.79,0.043766,4.8671,-0.0055376
24.8,0.043738,4.8672,-0.0055989
24.81,0.04371,4.8673,-0.00566
24.82,0.043681,4.8673,-0.0057206
24.83,0.043652,4.8674,-0.0057809
24.84,0.043623,4.8675,-0.0058408
24.85,0.043593,4.8676,-0.0059004
24.86,0.043564,4.8677,-0.0059596
24.87,0.043534,4.8678,-0.0060184
24.88,0.043503,4.8679,-0.0060769
24.89,0.043472,4.868,-0.006135
24.9,0.043441,4.868,-0.0061928
24.91,0.04341,4.8681,-0.0062502
24.92,0.043379,4.8682,-0.0063073
24.93,0.043347,4.8683,-0.006364
24.94,0.043315,4.8684,-0.0064203
24.95,0.043282,4.8685,-0.0064763
24.96,0.04325,4.8686,-0.006532
24.97,0.043217,4.8687,-0.0065873
24.98,0.043184,4.8687,-0.0066422
24.99,0.04315,4.8688,-0.0066968
25,0.043116,4.8689,-0.0067511
25.01,0.043082,4.869,-0.006805
25.02,0.043048,4.8691,-0.0068586
25.03,0.043013,4.8692,-0.0069118
25.04,0.042979,4.8693,-0.0069647
25.05,0.042944,4.8693,-0.0070173
25.06,0.042908,4.8694,-0.0070695
25.07,0.042873,4.8695,-0.0071214
25.08,0.042837,4.8696,-0.007173
25.09,0.042801,4.8697,-0.0072242
25.1,0.042764,4.8698,-0.0072751
25.11,0.042728,4.8699,-0.0073256
25.12,0.042691,4.8699,-0.0073758
25.13,0.042654,4.87,-0.0074257
25.14,0.042616,4.8701,-0.0074753
25.15,0.042579,4.8702,-0.0075245
25.16,0.042541,4.8703,-0.0075734
25.17,0.042503,4.8704,-0.007622
25.18,0.042464,4.8705,-0.0076703
25.19,0.042426,4.8705,-0.0077182
25.2,0.042387,4.8706,-0.0077658
25.21,0.042348,4.8707,-0.0078131
25.22,0.042308,4.8708,-0.0078601
25.23,0.042269,4.8709,-0.0079068
25.24,0.042229,4.871,-0.0079531
25.25,0.042189,4.871,-0.0079992
25.26,0.042149,4.8711,-0.0080449
25.27,0.042109,4.8712,-0.0080903
25.28,0.042068,4.8713,-0.0081354
25.29,0.042027,4.8714,-0.0081801
25.3,0.041986,4.8715,-0.0082246
25.31,0.041944,4.8715,-0.0082688
25.32,0.041903,4.8716,-0.0083126
25.33,0.041861,4.8717,-0.0083562
25.34,0.041819,4.8718,-0.0083994
25.35,0.041777,4.8719,-0.0084423
25.36,0.041734,4.872,-0.008485
25.37,0.041692,4.8721,-0.0085273
25.38,0.041649,4.8721,-0.0085693
25.39,0.041606,4.8722,-0.008611
25.4,0.041563,4.8723,-0.0086525
25.41,0.041519,4.8724,-0.0086936
25.42,0.041476,4.8725,-0.0087344
25.43,0.041432,4.8725,-0.008775
25.44,0.041388,4.8726,-0.0088152
25.45,0.041343,4.8727,-0.0088552
25.46,0.041299,4.8728,-0.0088948
25.47,0.041254,4.8729,-0.0089342
25.48,0.041209,4.873,-0.0089733
25.49,0.041164,4.873,-0.009012
25.5,0.041119,4.8731,-0.0090505
25.51,0.041074,4.8732,-0.0090888
25.52,0.041028,4.8733,-0.0091267
25.53,0.040982,4.8734,-0.0091643
25.54,0.040936,4.8735,-0.0092017
25.55,0.04089,4.8735,-0.0092387
25.56,0.040844,4.8736,-0.0092755
25.57,0.040797,4.8737,-0.009312
25.58,0.04075,4.8738,-0.0093483
25.59,0.040703,4.8739,-0.0093842
25.6,0.040656,4.8739,-0.0094199
25.61,0.040609,4.874,-0.0094553
25.62,0.040561,4.8741,-0.0094904
25.63,0.040514,4.8742,-0.0095253
25.64,0.040466,4.8743,-0.0095598
25.65,0.040418,4.8743,-0.0095941
25.66,0.04037,4.8744,-0.0096282
25.67,0.040322,4.8745,-0.0096619
25.68,0.040273,4.8746,-0.0096954
25.69,0.040225,4.8747,-0.0097286
25.7,0.040176,4.8748,-0.0097616
25.71,0.040127,4.8748,-0.0097943
25.72,0.040078,4.8749,-0.0098267
25.73,0.040028,4.875,-0.0098588
25.74,0.039979,4.8751,-0.0098907
25.75,0.039929,4.8752,-0.0099224
25.76,0.039879,4.8752,-0.0099537
25.77,0.03983,4.8753,-0.0099849
25.78,0.039779,4.8754,-0.010016
25.79,0.039729,4.8755,-0.010046
25.8,0.039679,4.8756,-0.010077
25.81,0.039628,4.8756,-0.010107
25.82,0.039578,4.8757,-0.010137
25.83,0.039527,4.8758,-0.010166
25.84,0.039476,4.8759,-0.010195
25.85,0.039425,4.8759,-0.010224
25.86,0.039373,4.876,-0.010253
25.87,0.039322,4.8761,-0.010282
25.88,0.03927,4.8762,-0.01031
25.89,0.039219,4.8763,-0.010338
25.9,0.039167,4.8763,-0.010366
25.91,0.039115,4.8764,-0.010394
25.92,0.039063,4.8765,-0.010421
25.93,0.039011,4.8766,-0.010448
25.94,0.038958,4.8767,-0.010475
25.95,0.038906,4.8767,-0.010501
25.96,0.038853,4.8768,-0.010528
25.97,0.0388,4.8769,-0.010554
25.98,0.038747,4.877,-0.01058
25.99,0.038694,4.877,-0.010605
26,0.038641,4.8771,-0.010631
26.01,0.038588,4.8772,-0.010656
26.02,0.038535,4.8773,-0.010681
26.03,0.038481,4.8773,-0.010706
26.04,0.038427,4.8774,-0.01073
26.05,0.038374,4.8775,-0.010754
26.06,0.03832,4.8776,-0.010778
26.07,0.038266,4.8777,-0.010802
26.08,0.038212,4.8777,-0.010825
26.09,0.038157,4.8778,-0.010849
26.1,0.038103,4.8779,-0.010872
26.11,0.038049,4.878,-0.010895
26.12,0.037994,4.878,-0.010917
26.13,0.037939,4.8781,-0.01094
26.14,0.037884,4.8782,-0.010962
26.15,0.03783,4.8783,-0.010984
26.16,0.037774,4.8783,-0.011005
26.17,0.037719,4.8784,-0.011027
26.18,0.037664,4.8785,-0.011048
26.19,0.037609,4.8786,-0.011069
26.2,0.037553,4.8786,-0.01109
26.21,0.037498,4.8787,-0.011111
26.22,0.037442,4.8788,-0.011131
26.23,0.037386,4.8789,-0.011151
26.24,0.037331,4.8789,-0.011171
26.25,0.037275,4.879,-0.011191
26.26,0.037218,4.8791,-0.011211
26.27,0.037162,4.8792,-0.01123
26.28,0.037106,4.8792,-0.011249
26.29,0.03705,4.8793,-0.011268
26.3,0.036993,4.8794,-0.011286
26.31,0.036937,4.8795,-0.011305
26.32,0.03688,4.8795,-0.011323
26.33,0.036823,4.8796,-0.011341
26.34,0.036767,4.8797,-0.011359
26.35,0.03671,4.8798,-0.011377
26.36,0.036653,4.8798,-0.011394
26.37,0.036596,4.8799,-0.011411
26.38,0.036539,4.88,-0.011428
26.39,0.036481,4.88,-0.011445
26.4,0.036424,4.8801,-0.011462
26.41,0.036367,4.8802,-0.011478
26.42,0.036309,4.8803,-0.011495
26.43,0.036252,4.8803,-0.011511
26.44,0.036194,4.8804,-0.011526
26.45,0.036136,4.8805,-0.011542
26.46,0.036079,4.8806,-0.011557
26.47,0.036021,4.8806,-0.011573
26.48,0.035963,4.8807,-0.011588
26.49,0.035905,4.8808,-0.011603
26.5,0.035847,4.8808,-0.011617
26.51,0.035788,4.8809,-0.011632
26.52,0.03573,4.881,-0.011646
26.53,0.035672,4.8811,-0.01166
26.54,0.035614,4.8811,-0.011674
26.55,0.035555,4.8812,-0.011688
26.56,0.035497,4.8813,-0.011701
26.57,0.035438,4.8813,-0.011714
26.58,0.035379,4.8814,-0.011728
26.59,0.035321,4.8815,-0.011741
26.6,0.035262,4.8816,-0.011753
26.61,0.035203,4.8816,-0.011766
26.62,0.035144,4.8817,-0.011778
26.63,0.035085,4.8818,-0.01179
26.64,0.035026,4.8818,-0.011802
26.65,0.034967,4.8819,-0.011814
26.66,0.034908,4.882,-0.011826
26.67,0.034849,4.882,-0.011837
26.68,0.03479,4.8821,-0.011849
26.69,0.03473,4.8822,-0.01186
26.7,0.034671,4.8823,-0.011871
26.71,0.034612,4.8823,-0.011882
26.72,0.034552,4.8824,-0.011892
26.73,0.034493,4.8825,-0.011903
26.74,0.034433,4.8825,-0.011913
26.75,0.034373,4.8826,-0.011923
26.76,0.034314,4.8827,-0.011933
26.77,0.034254,4.8827,-0.011943
26.78,0.034194,4.8828,-0.011952
26.79,0.034134,4.8829,-0.011962
26.8,0.034075,4.8829,-0.011971
26.81,0.034015,4.883,-0.01198
26.82,0.033955,4.8831,-0.011989
26.83,0.033895,4.8831,-0.011997
26.84,0.033835,4.8832,-0.012006
26.85,0.033775,4.8833,-0.012014
26.86,0.033715,4.8833,-0.012023
26.87,0.033654,4.8834,-0.012031
26.88,0.033594,4.8835,-0.012038
26.89,0.033534,4.8836,-0.012046
26.9,0.033474,4.8836,-0.012054
26.91,0.033413,4.8837,-0.012061
26.92,0.033353,4.8838,-0.012068
26.93,0.033293,4.8838,-0.012075
26.94,0.033232,4.8839,-0.012082
26.95,0.033172,4.884,-0.012089
26.96,0.033111,4.884,-0.012096
26.97,0.033051,4.8841,-0.012102
26.98,0.03299,4.8841,-0.012109
26.99,0.03293,4.8842,-0.012115
27,0.032869,4.8843,-0.012121
27.01,0.032809,4.8843,-0.012126
27.02,0.032748,4.8844,-0.012132
27.03,0.032687,4.8845,-0.012138
27.04,0.032626,4.8845,-0.012143
27.05,0.032566,4.8846,-0.012148
27.06,0.032505,4.8847,-0.012153
27.07,0.032444,4.8847,-0.012158
27.08,0.032383,4.8848,-0.012163
27.09,0.032323,4.8849,-0.012168
27.1,0.032262,4.8849,-0.012172
27.11,0.032201,4.885,-0.012176
27.12,0.03214,4.8851,-0.012181
27.13,0.032079,4.8851,-0.012185
27.14,0.032018,4.8852,-0.012189
27.15,0.031957,4.8853,-0.012192
27.16,0.031896,4.8853,-0.012196
27.17,0.031835,4.8854,-0.012199
27.18,0.031774,4.8854,-0.012203
27.19,0.031713,4.8855,-0.012206
27.2,0.031652,4.8856,-0.012209
27.21,0.031591,4.8856,-0.012212
27.22,0.03153,4.8857,-0.012215
27.23,0.031469,4.8858,-0.012217
27.24,0.031408,4.8858,-0.01222
27.25,0.031347,4.8859,-0.012222
27.26,0.031285,4.8859,-0.012224
27.27,0.031224,4.886,-0.012226
27.28,0.031163,4.8861,-0.012228
27.29,0.031102,4.8861,-0.01223
27.3,0.031041,4.8862,-0.012232
27.31,0.03098,4.8863,-0.012233
27.32,0.030919,4.8863,-0.012235
27.33,0.030857,4.8864,-0.012236
27.34,0.030796,4.8864,-0.012237
27.35,0.030735,4.8865,-0.012238
27.36,0.030674,4.8866,-0.012239
27.37,0.030613,4.8866,-0.01224
27.38,0.030551,4.8867,-0.01224
27.39,0.03049,4.8868,-0.012241
27.4,0.030429,4.8868,-0.012241
27.41,0.030368,4.8869,-0.012241
27.42,0.030307,4.8869,-0.012241
27.43,0.030245,4.887,-0.012241
27.44,0.030184,4.8871,-0.012241
27.45,0.030123,4.8871,-0.012241
27.46,0.030062,4.8872,-0.012241
27.47,0.030001,4.8872,-0.01224
27.48,0.029939,4.8873,-0.012239
27.49,0.029878,4.8874,-0.012239
27.5,0.029817,4.8874,-0.012238
27.51,0.029756,4.8875,-0.012237
27.52,0.029695,4.8875,-0.012236
27.53,0.029633,4.8876,-0.012234
27.54,0.029572,4.8877,-0.012233
27.55,0.029511,4.8877,-0.012232
27.56,0.02945,4.8878,-0.01223
27.57,0.029389,4.8878,-0.012228
27.58,0.029328,4.8879,-0.012227
27.59,0.029267,4.8879,-0.012225
27.6,0.029205,4.888,-0.012223
27.61,0.029144,4.8881,-0.01222
27.62,0.029083,4.8881,-0.012218
27.63,0.029022,4.8882,-0.012216
27.64,0.028961,4.8882,-0.012213
27.65,0.0289,4.8883,-0.012211
27.66,0.028839,4.8884,-0.012208
27.67,0.028778,4.8884,-0.012205
27.68,0.028717,4.8885,-0.012202
27.69,0.028656,4.8885,-0.012199
27.7,0.028595,4.8886,-0.012196
27.71,0.028534,4.8886,-0.012192
27.72,0.028473,4.8887,-0.012189
27.73,0.028412,4.8888,-0.012186
27.74,0.028351,4.8888,-0.012182
27.75,0.02829,4.8889,-0.012178
27.76,0.028229,4.8889,-0.012174
27.77,0.028169,4.889,-0.012171
27.78,0.028108,4.889,-0.012167
27.79,0.028047,4.8891,-0.012162
27.8,0.027986,4.8891,-0.012158
27.81,0.027925,4.8892,-0.012154
27.82,0.027865,4.8893,-0.012149
27.83,0.027804,4.8893,-0.012145
27.84,0.027743,4.8894,-0.01214
27.85,0.027683,4.8894,-0.012135
27.86,0.027622,4.8895,-0.012131
27.87,0.027561,4.8895,-0.012126
27.88,0.027501,4.8896,-0.012121
27.89,0.02744,4.8896,-0.012115
27.9,0.02738,4.8897,-0.01211
27.91,0.027319,4.8898,-0.012105
27.92,0.027259,4.8898,-0.0121
27.93,0.027198,4.8899,-0.012094
27.94,0.027138,4.8899,-0.012088
27.95,0.027077,4.89,-0.012083
27.96,0.027017,4.89,-0.012077
27.97,0.026956,4.8901,-0.012071
27.98,0.026896,4.8901,-0.012065
27.99,0.026836,4.8902,-0.012059
28,0.026776,4.8902,-0.012053
28.01,0.026715,4.8903,-0.012046
28.02,0.026655,4.8904,-0.01204
28.03,0.026595,4.8904,-0.012034
28.04,0.026535,4.8905,-0.012027
28.05,0.026475,4.8905,-0.01202
28.06,0.026415,4.8906,-0.012014
28.07,0.026355,4.8906,-0.012007
28.08,0.026295,4.8907,-0.012
28.09,0.026235,4.8907,-0.011993
28.1,0.026175,4.8908,-0.011986
28.11,0.026115,4.8908,-0.011979
28.12,0.026055,4.8909,-0.011971
28.13,0.025995,4.8909,-0.011964
28.14,0.025935,4.891,-0.011957
28.15,0.025876,4.891,-0.011949
28.16,0.025816,4.8911,-0.011942
28.17,0.025756,4.8911,-0.011934
28.18,0.025697,4.8912,-0.011926
28.19,0.025637,4.8912,-0.011918
28.2,0.025577,4.8913,-0.01191
28.21,0.025518,4.8913,-0.011902
28.22,0.025459,4.8914,-0.011894
28.23,0.025399,4.8914,-0.011886
28.24,0.02534,4.8915,-0.011878
28.25,0.02528,4.8915,-0.01187
28.26,0.025221,4.8916,-0.011861
28.27,0.025162,4.8916,-0.011853
28.28,0.025103,4.8917,-0.011844
28.29,0.025043,4.8917,-0.011836
28.3,0.024984,4.8918,-0.011827
28.31,0.024925,4.8918,-0.011818
28.32,0.024866,4.8919,-0.011809
28.33,0.024807,4.8919,-0.0118
28.34,0.024748,4.892,-0.011791
28.35,0.024689,4.892,-0.011782
28.36,0.02463,4.8921,-0.011773
28.37,0.024572,4.8921,-0.011764
28.38,0.024513,4.8922,-0.011754
28.39,0.024454,4.8922,-0.011745
28.4,0.024395,4.8923,-0.011736
28.41,0.024337,4.8923,-0.011726
28.42,0.024278,4.8924,-0.011716
28.43,0.02422,4.8924,-0.011707
28.44,0.024161,4.8925,-0.011697
28.45,0.024103,4.8925,-0.011687
28.46,0.024044,4.8926,-0.011677
28.47,0.023986,4.8926,-0.011667
28.48,0.023928,4.8927,-0.011657
28.49,0.023869,4.8927,-0.011647
28.5,0.023811,4.8928,-0.011637
28.51,0.023753,4.8928,-0.011627
28.52,0.023695,4.8929,-0.011616
28.53,0.023637,4.8929,-0.011606
28.54,0.023579,4.893,-0.011596
28.55,0.023521,4.893,-0.011585
28.56,0.023463,4.8931,-0.011575
28.57,0.023405,4.8931,-0.011564
28.58,0.023348,4.8932,-0.011553
28.59,0.02329,4.8932,-0.011543
28.6,0.023232,4.8932,-0.011532
28.61,0.023175,4.8933,-0.011521
28.62,0.023117,4.8933,-0.01151
28.63,0.02306,4.8934,-0.011499
28.64,0.023002,4.8934,-0.011488
28.65,0.022945,4.8935,-0.011477
28.66,0.022888,4.8935,-0.011466
28.67,0.02283,4.8936,-0.011454
28.68,0.022773,4.8936,-0.011443
28.69,0.022716,4.8937,-0.011432
28.7,0.022659,4.8937,-0.01142
28.71,0.022602,4.8937,-0.011409
28.72,0.022545,4.8938,-0.011397
28.73,0.022488,4.8938,-0.011386
28.74,0.022431,4.8939,-0.011374
28.75,0.022374,4.8939,-0.011362
28.76,0.022317,4.894,-0.01135
28.77,0.022261,4.894,-0.011339
28.78,0.022204,4.8941,-0.011327
28.79,0.022147,4.8941,-0.011315
28.8,0.022091,4.8942,-0.011303
28.81,0.022034,4.8942,-0.011291
28.82,0.021978,4.8942,-0.011279
28.83,0.021922,4.8943,-0.011266
28.84,0.021865,4.8943,-0.011254
28.85,0.021809,4.8944,-0.011242
28.86,0.021753,4.8944,-0.01123
28.87,0.021697,4.8945,-0.011217
28.88,0.021641,4.8945,-0.011205
28.89,0.021585,4.8945,-0.011192
28.9,0.021529,4.8946,-0.01118
28.91,0.021473,4.8946,-0.011167
28.92,0.021418,4.8947,-0.011155
28.93,0.021362,4.8947,-0.011142
28.94,0.021306,4.8948,-0.011129
28.95,0.021251,4.8948,-0.011117
28.96,0.021195,4.8948,-0.011104
28.97,0.02114,4.8949,-0.011091
28.98,0.021084,4.8949,-0.011078
28.99,0.021029,4.895,-0.011065
29,0.020974,4.895,-0.011052
29.01,0.020918,4.8951,-0.011039
29.02,0.020863,4.8951,-0.011026
29.03,0.020808,4.8951,-0.011013
29.04,0.020753,4.8952,-0.010999
29.05,0.020698,4.8952,-0.010986
29.06,0.020643,4.8953,-0.010973
29.07,0.020589,4.8953,-0.01096
29.08,0.020534,4.8953,-0.010946
29.09,0.020479,4.8954,-0.010933
29.1,0.020425,4.8954,-0.010919
29.11,0.02037,4.8955,-0.010906
29.12,0.020316,4.8955,-0.010892
29.13,0.020261,4.8955,-0.010879
29.14,0.020207,4.8956,-0.010865
29.15,0.020153,4.8956,-0.010851
29.16,0.020099,4.8957,-0.010838
29.17,0.020044,4.8957,-0.010824
29.18,0.01999,4.8957,-0.01081
29.19,0.019936,4.8958,-0.010796
29.2,0.019882,4.8958,-0.010782
29.21,0.019829,4.8959,-0.010768
29.22,0.019775,4.8959,-0.010754
29.23,0.019721,4.8959,-0.01074
29.24,0.019668,4.896,-0.010726
29.25,0.019614,4.896,-0.010712
29.26,0.01956,4.8961,-0.010698
29.27,0.019507,4.8961,-0.010684
29.28,0.019454,4.8961,-0.01067
29.29,0.0194,4.8962,-0.010655
29.3,0.019347,4.8962,-0.010641
29.31,0.019294,4.8963,-0.010627
29.32,0.019241,4.8963,-0.010613
29.33,0.019188,4.8963,-0.010598
29.34,0.019135,4.8964,-0.010584
29.35,0.019082,4.8964,-0.010569
29.36,0.01903,4.8965,-0.010555
29.37,0.018977,4.8965,-0.01054
29.38,0.018924,4.8965,-0.010526
29.39,0.018872,4.8966,-0.010511
29.4,0.018819,4.8966,-0.010497
29.41,0.018767,4.8966,-0.010482
29.42,0.018714,4.8967,-0.010467
29.43,0.018662,4.8967,-0.010452
29.44,0.01861,4.8968,-0.010438
29.45,0.018558,4.8968,-0.010423
29.46,0.018506,4.8968,-0.010408
29.47,0.018454,4.8969,-0.010393
29.48,0.018402,4.8969,-0.010378
29.49,0.01835,4.8969,-0.010363
29.5,0.018298,4.897,-0.010349
29.51,0.018247,4.897,-0.010334
29.52,0.018195,4.897,-0.010319
29.53,0.018144,4.8971,-0.010304
29.54,0.018092,4.8971,-0.010288
29.55,0.018041,4.8972,-0.010273
29.56,0.01799,4.8972,-0.010258
29.57,0.017938,4.8972,-0.010243
29.58,0.017887,4.8973,-0.010228
29.59,0.017836,4.8973,-0.010213
29.6,0.017785,4.8973,-0.010197
29.61,0.017734,4.8974,-0.010182
29.62,0.017683,4.8974,-0.010167
29.63,0.017633,4.8974,-0.010152
29.64,0.017582,4.8975,-0.010136
29.65,0.017531,4.8975,-0.010121
29.66,0.017481,4.8975,-0.010106
29.67,0.01743,4.8976,-0.01009
29.68,0.01738,4.8976,-0.010075
29.69,0.01733,4.8977,-0.010059
29.7,0.017279,4.8977,-0.010044
29.71,0.017229,4.8977,-0.010028
29.72,0.017179,4.8978,-0.010013
29.73,0.017129,4.8978,-0.0099972
29.74,0.017079,4.8978,-0.0099816
29.75,0.01703,4.8979,-0.009966
29.76,0.01698,4.8979,-0.0099504
29.77,0.01693,4.8979,-0.0099347
29.78,0.01688,4.898,-0.009919
29.79,0.016831,4.898,-0.0099033
29.8,0.016782,4.898,-0.0098876
29.81,0.016732,4.8981,-0.0098719
29.82,0.016683,4.8981,-0.0098561
29.83,0.016634,4.8981,-0.0098404
29.84,0.016585,4.8982,-0.0098246
29.85,0.016536,4.8982,-0.0098087
29.86,0.016487,4.8982,-0.0097929
29.87,0.016438,4.8983,-0.009777
29.88,0.016389,4.8983,-0.0097612
29.89,0.01634,4.8983,-0.0097453
29.9,0.016292,4.8984,-0.0097293
29.91,0.016243,4.8984,-0.0097134
29.92,0.016194,4.8984,-0.0096974
29.93,0.016146,4.8985,-0.0096815
29.94,0.016098,4.8985,-0.0096655
29.95,0.016049,4.8985,-0.0096495
29.96,0.016001,4.8986,-0.0096334
29.97,0.015953,4.8986,-0.0096174
29.98,0.015905,4.8986,-0.0096013
29.99,0.015857,4.8986,-0.0095852
30,0.015809,4.8987,-0.0095692
