t,r
0,-4.9
0.01,-4.899
0.02,-4.896
0.03,-4.8909
0.04,-4.8838
0.05,-4.8748
0.06,-4.8637
0.07,-4.8508
0.08,-4.8365
0.09,-4.821
0.1,-4.8047
0.11,-4.7876
0.12,-4.7699
0.13,-4.7517
0.14,-4.7332
0.15,-4.7145
0.16,-4.6955
0.17,-4.6763
0.18,-4.657
0.19,-4.6376
0.2,-4.6182
0.21,-4.5987
0.22,-4.5791
0.23,-4.5596
0.24,-4.5401
0.25,-4.5206
0.26,-4.5011
0.27,-4.4816
0.28,-4.4622
0.29,-4.4428
0.3,-4.4234
0.31,-4.4041
0.32,-4.3848
0.33,-4.3656
0.34,-4.3464
0.35,-4.3273
0.36,-4.3082
0.37,-4.2892
0.38,-4.2702
0.39,-4.2512
0.4,-4.2323
0.41,-4.2135
0.42,-4.1947
0.43,-4.1759
0.44,-4.1572
0.45,-4.1386
0.46,-4.12
0.47,-4.1015
0.48,-4.083
0.49,-4.0645
0.5,-4.0461
0.51,-4.0278
0.52,-4.0095
0.53,-3.9913
0.54,-3.9731
0.55,-3.9549
0.56,-3.9369
0.57,-3.9188
0.58,-3.9008
0.59,-3.8829
0.6,-3.865
0.61,-3.8472
0.62,-3.8294
0.63,-3.8116
0.64,-3.794
0.65,-3.7763
0.66,-3.7587
0.67,-3.7412
0.68,-3.7237
0.69,-3.7063
0.7,-3.6889
0.71,-3.6715
0.72,-3.6542
0.73,-3.637
0.74,-3.6198
0.75,-3.6027
0.76,-3.5856
0.77,-3.5685
0.78,-3.5515
0.79,-3.5346
0.8,-3.5177
0.81,-3.5008
0.82,-3.484
0.83,-3.4672
0.84,-3.4505
0.85,-3.4339
0.86,-3.4173
0.87,-3.4007
0.88,-3.3842
0.89,-3.3677
0.9,-3.3513
0.91,-3.3349
0.92,-3.3186
0.93,-3.3023
0.94,-3.2861
0.95,-3.2699
0.96,-3.2538
0.97,-3.2377
0.98,-3.2217
0.99,-3.2057
1,-3.1897
1.01,-3.1738
1.02,-3.158
1.03,-3.1422
1.04,-3.1264
1.05,-3.1107
1.06,-3.095
1.07,-3.0794
1.08,-3.0639
1.09,-3.0483
1.1,-3.0329
1.11,-3.0174
1.12,-3.002
1.13,-2.9867
1.14,-2.9714
1.15,-2.9562
1.16,-2.941
1.17,-2.9258
1.18,-2.9107
1.19,-2.8956
1.2,-2.8806
1.21,-2.8656
1.22,-2.8507
1.23,-2.8358
1.24,-2.821
1.25,-2.8062
1.26,-2.7915
1.27,-2.7768
1.28,-2.7621
1.29,-2.7475
1.3,-2.7329
1.31,-2.7184
1.32,-2.7039
1.33,-2.6895
1.34,-2.6751
1.35,-2.6608
1.36,-2.6465
1.37,-2.6322
1.38,-2.618
1.39,-2.6038
1.4,-2.5897
1.41,-2.5756
1.42,-2.5616
1.43,-2.5476
1.44,-2.5337
1.45,-2.5198
1.46,-2.5059
1.47,-2.4921
1.48,-2.4783
1.49,-2.4646
1.5,-2.4509
1.51,-2.4373
1.52,-2.4237
1.53,-2.4101
1.54,-2.3966
1.55,-2.3831
1.56,-2.3697
1.57,-2.3563
1.58,-2.343
1.59,-2.3297
1.6,-2.3164
1.61,-2.3032
1.62,-2.29
1.63,-2.2769
1.64,-2.2638
1.65,-2.2507
1.66,-2.2377
1.67,-2.2248
1.68,-2.2119
1.69,-2.199
1.7,-2.1861
1.71,-2.1733
1.72,-2.1606
1.73,-2.1479
1.74,-2.1352
1.75,-2.1226
1.76,-2.11
1.77,-2.0974
1.78,-2.0849
1.79,-2.0725
1.8,-2.06
1.81,-2.0477
1.82,-2.0353
1.83,-2.023
1.84,-2.0107
1.85,-1.9985
1.86,-1.9863
1.87,-1.9742
1.88,-1.9621
1.89,-1.95
1.9,-1.938
1.91,-1.926
1.92,-1.9141
1.93,-1.9022
1.94,-1.8903
1.95,-1.8785
1.96,-1.8667
1.97,-1.855
1.98,-1.8433
1.99,-1.8316
2,-1.82
2.01,-1.8084
2.02,-1.7969
2.03,-1.7854
2.04,-1.7739
2.05,-1.7625
2.06,-1.7511
2.07,-1.7397
2.08,-1.7284
2.09,-1.7171
2.1,-1.7059
2.11,-1.6947
2.12,-1.6835
2.13,-1.6724
2.14,-1.6613
2.15,-1.6503
2.16,-1.6393
2.17,-1.6283
2.18,-1.6174
2.19,-1.6065
2.2,-1.5956
2.21,-1.5848
2.22,-1.574
2.23,-1.5633
2.24,-1.5526
2.25,-1.5419
2.26,-1.5313
2.27,-1.5207
2.28,-1.5101
2.29,-1.4996
2.3,-1.4891
2.31,-1.4787
2.32,-1.4683
2.33,-1.4579
2.34,-1.4476
2.35,-1.4373
2.36,-1.427
2.37,-1.4168
2.38,-1.4066
2.39,-1.3964
2.4,-1.3863
2.41,-1.3762
2.42,-1.3662
2.43,-1.3562
2.44,-1.3462
2.45,-1.3362
2.46,-1.3263
2.47,-1.3165
2.48,-1.3066
2.49,-1.2968
2.5,-1.2871
2.51,-1.2773
2.52,-1.2676
2.53,-1.258
2.54,-1.2484
2.55,-1.2388
2.56,-1.2292
2.57,-1.2197
2.58,-1.2102
2.59,-1.2008
2.6,-1.1914
2.61,-1.182
2.62,-1.1726
2.63,-1.1633
2.64,-1.1541
2.65,-1.1448
2.66,-1.1356
2.67,-1.1264
2.68,-1.1173
2.69,-1.1082
2.7,-1.0991
2.71,-1.0901
2.72,-1.0811
2.73,-1.0721
2.74,-1.0632
2.75,-1.0542
2.76,-1.0454
2.77,-1.0365
2.78,-1.0277
2.79,-1.019
2.8,-1.0102
2.81,-1.0015
2.82,-0.99283
2.83,-0.98419
2.84,-0.97558
2.85,-0.96701
2.86,-0.95846
2.87,-0.94995
2.88,-0.94147
2.89,-0.93302
2.9,-0.92461
2.91,-0.91622
2.92,-0.90787
2.93,-0.89956
2.94,-0.89127
2.95,-0.88301
2.96,-0.87479
2.97,-0.8666
2.98,-0.85844
2.99,-0.85031
3,-0.84221
3.01,-0.83415
3.02,-0.82611
3.03,-0.81811
3.04,-0.81013
3.05,-0.80219
3.06,-0.79428
3.07,-0.7864
3.08,-0.77855
3.09,-0.77074
3.1,-0.76295
3.11,-0.75519
3.12,-0.74747
3.13,-0.73977
3.14,-0.7321
3.15,-0.72447
3.16,-0.71686
3.17,-0.70929
3.18,-0.70174
3.19,-0.69423
3.2,-0.68674
3.21,-0.67929
3.22,-0.67186
3.23,-0.66447
3.24,-0.6571
3.25,-0.64977
3.26,-0.64246
3.27,-0.63518
3.28,-0.62793
3.29,-0.62071
3.3,-0.61352
3.31,-0.60636
3.32,-0.59923
3.33,-0.59213
3.34,-0.58505
3.35,-0.57801
3.36,-0.57099
3.37,-0.564
3.38,-0.55704
3.39,-0.55011
3.4,-0.54321
3.41,-0.53633
3.42,-0.52949
3.43,-0.52267
3.44,-0.51588
3.45,-0.50912
3.46,-0.50239
3.47,-0.49568
3.48,-0.489
3.49,-0.48235
3.5,-0.47573
3.51,-0.46914
3.52,-0.46257
3.53,-0.45603
3.54,-0.44952
3.55,-0.44303
3.56,-0.43657
3.57,-0.43014
3.58,-0.42374
3.59,-0.41736
3.6,-0.41101
3.61,-0.40469
3.62,-0.3984
3.63,-0.39213
3.64,-0.38588
3.65,-0.37967
3.66,-0.37348
3.67,-0.36732
3.68,-0.36118
3.69,-0.35507
3.7,-0.34899
3.71,-0.34293
3.72,-0.3369
3.73,-0.33089
3.74,-0.32491
3.75,-0.31896
3.76,-0.31303
3.77,-0.30713
3.78,-0.30125
3.79,-0.2954
3.8,-0.28958
3.81,-0.28378
3.82,-0.27801
3.83,-0.27226
3.84,-0.26653
3.85,-0.26084
3.86,-0.25516
3.87,-0.24951
3.88,-0.24389
3.89,-0.23829
3.9,-0.23272
3.91,-0.22717
3.92,-0.22165
3.93,-0.21615
3.94,-0.21067
3.95,-0.20522
3.96,-0.1998
3.97,-0.1944
3.98,-0.18902
3.99,-0.18367
4,-0.17834
4.01,-0.17304
4.02,-0.16776
4.03,-0.1625
4.04,-0.15727
4.05,-0.15206
4.06,-0.14687
4.07,-0.14171
4.08,-0.13658
4.09,-0.13146
4.1,-0.12637
4.11,-0.12131
4.12,-0.11626
4.13,-0.11124
4.14,-0.10624
4.15,-0.10127
4.16,-0.09632
4.17,-0.091393
4.18,-0.086488
4.19,-0.081606
4.2,-0.076747
4.21,-0.071911
4.22,-0.067098
4.23,-0.062307
4.24,-0.057539
4.25,-0.052793
4.26,-0.04807
4.27,-0.043369
4.28,-0.038691
4.29,-0.034034
4.3,-0.0294
4.31,-0.024788
4.32,-0.020198
4.33,-0.01563
4.34,-0.011084
4.35,-0.0065602
4.36,-0.0020578
4.37,0.0024228
4.38,0.0068818
4.39,0.011319
4.4,0.015735
4.41,0.020129
4.42,0.024502
4.43,0.028854
4.44,0.033184
4.45,0.037493
4.46,0.041781
4.47,0.046048
4.48,0.050294
4.49,0.054518
4.5,0.058722
4.51,0.062905
4.52,0.067068
4.53,0.071209
4.54,0.07533
4.55,0.079431
4.56,0.08351
4.57,0.08757
4.58,0.091609
4.59,0.095627
4.6,0.099625
4.61,0.096397
4.62,0.092439
4.63,0.088501
4.64,0.084583
4.65,0.080685
4.66,0.076807
4.67,0.072949
4.68,0.069111
4.69,0.065293
4.7,0.061494
4.71,0.057715
4.72,0.053955
4.73,0.050215
4.74,0.046494
4.75,0.042793
4.76,0.039111
4.77,0.035448
4.78,0.031804
4.79,0.02818
4.8,0.024574
4.81,0.020988
4.82,0.01742
4.83,0.013872
4.84,0.010342
4.85,0.0068309
4.86,0.0033386
4.87,-0.00013499
4.88,-0.00359
4.89,-0.0070265
4.9,-0.010445
4.91,-0.013844
4.92,-0.017225
4.93,-0.020588
4.94,-0.023933
4.95,-0.02726
4.96,-0.030568
4.97,-0.033858
4.98,-0.037131
4.99,-0.040385
5,-0.043621
5.01,-0.04684
5.02,-0.050041
5.03,-0.053224
5.04,-0.056389
5.05,-0.059537
5.06,-0.062668
5.07,-0.06578
5.08,-0.068876
5.09,-0.071954
5.1,-0.075014
5.11,-0.078058
5.12,-0.081084
5.13,-0.084093
5.14,-0.087085
5.15,-0.09006
5.16,-0.093018
5.17,-0.095959
5.18,-0.098883
5.19,-0.10179
5.2,-0.10468
5.21,-0.10755
5.22,-0.11041
5.23,-0.11325
5.24,-0.11608
5.25,-0.11888
5.26,-0.12167
5.27,-0.12445
5.28,-0.12721
5.29,-0.12995
5.3,-0.13267
5.31,-0.13538
5.32,-0.13808
5.33,-0.14076
5.34,-0.14342
5.35,-0.14606
5.36,-0.14869
5.37,-0.15131
5.38,-0.1539
5.39,-0.15649
5.4,-0.15905
5.41,-0.1616
5.42,-0.16414
5.43,-0.16666
5.44,-0.16916
5.45,-0.17165
5.46,-0.17413
5.47,-0.17658
5.48,-0.17903
5.49,-0.18146
5.5,-0.18387
5.51,-0.18627
5.52,-0.18865
5.53,-0.19102
5.54,-0.19337
5.55,-0.19571
5.56,-0.19803
5.57,-0.20034
5.58,-0.20263
5.59,-0.20491
5.6,-0.20717
5.61,-0.20942
5.62,-0.21166
5.63,-0.21388
5.64,-0.21608
5.65,-0.21827
5.66,-0.22045
5.67,-0.22261
5.68,-0.22476
5.69,-0.2269
5.7,-0.22902
5.71,-0.23112
5.72,-0.23322
5.73,-0.23529
5.74,-0.23736
5.75,-0.23941
5.76,-0.24145
5.77,-0.24347
5.78,-0.24548
5.79,-0.24747
5.8,-0.24946
5.81,-0.25142
5.82,-0.25338
5.83,-0.25532
5.84,-0.25725
5.85,-0.25916
5.86,-0.26106
5.87,-0.26295
5.88,-0.26482
5.89,-0.26668
5.9,-0.26853
5.91,-0.27037
5.92,-0.27219
5.93,-0.274
5.94,-0.27579
5.95,-0.27758
5.96,-0.27935
5.97,-0.2811
5.98,-0.28285
5.99,-0.28458
6,-0.2863
6.01,-0.28801
6.02,-0.2897
6.03,-0.29138
6.04,-0.29305
6.05,-0.2947
6.06,-0.29635
6.07,-0.29798
6.08,-0.2996
6.09,-0.30121
6.1,-0.3028
6.11,-0.30438
6.12,-0.30595
6.13,-0.30751
6.14,-0.30906
6.15,-0.31059
6.16,-0.31211
6.17,-0.31362
6.18,-0.31512
6.19,-0.31661
6.2,-0.31808
6.21,-0.31955
6.22,-0.321
6.23,-0.32244
6.24,-0.32387
6.25,-0.32528
6.26,-0.32669
6.27,-0.32808
6.28,-0.32946
6.29,-0.33084
6.3,-0.3322
6.31,-0.33354
6.32,-0.33488
6.33,-0.33621
6.34,-0.33752
6.35,-0.33882
6.36,-0.34012
6.37,-0.3414
6.38,-0.34267
6.39,-0.34393
6.4,-0.34518
6.41,-0.34641
6.42,-0.34764
6.43,-0.34886
6.44,-0.35006
6.45,-0.35126
6.46,-0.35244
6.47,-0.35362
6.48,-0.35478
6.49,-0.35593
6.5,-0.35707
6.51,-0.3582
6.52,-0.35932
6.53,-0.36044
6.54,-0.36154
6.55,-0.36263
6.56,-0.36371
6.57,-0.36477
6.58,-0.36583
6.59,-0.36688
6.6,-0.36792
6.61,-0.36895
6.62,-0.36997
6.63,-0.37098
6.64,-0.37198
6.65,-0.37297
6.66,-0.37395
6.67,-0.37492
6.68,-0.37588
6.69,-0.37683
6.7,-0.37777
6.71,-0.3787
6.72,-0.37962
6.73,-0.38053
6.74,-0.38144
6.75,-0.38233
6.76,-0.38321
6.77,-0.38409
6.78,-0.38495
6.79,-0.38581
6.8,-0.38665
6.81,-0.38749
6.82,-0.38832
6.83,-0.38914
6.84,-0.38995
6.85,-0.39075
6.86,-0.39154
6.87,-0.39232
6.88,-0.39309
6.89,-0.39386
6.9,-0.39461
6.91,-0.39536
6.92,-0.39609
6.93,-0.39682
6.94,-0.39754
6.95,-0.39825
6.96,-0.39896
6.97,-0.39965
6.98,-0.40034
6.99,-0.40101
7,-0.40168
7.01,-0.40234
7.02,-0.40299
7.03,-0.40364
7.04,-0.40427
7.05,-0.4049
7.06,-0.40551
7.07,-0.40612
7.08,-0.40672
7.09,-0.40732
7.1,-0.4079
7.11,-0.40848
7.12,-0.40905
7.13,-0.40961
7.14,-0.41016
7.15,-0.4107
7.16,-0.41124
7.17,-0.41177
7.18,-0.41229
7.19,-0.4128
7.2,-0.41331
7.21,-0.4138
7.22,-0.41429
7.23,-0.41478
7.24,-0.41525
7.25,-0.41572
7.26,-0.41617
7.27,-0.41663
7.28,-0.41707
7.29,-0.41751
7.3,-0.41793
7.31,-0.41835
7.32,-0.41877
7.33,-0.41917
7.34,-0.41957
7.35,-0.41996
7.36,-0.42035
7.37,-0.42073
7.38,-0.4211
7.39,-0.42146
7.4,-0.42181
7.41,-0.42216
7.42,-0.4225
7.43,-0.42284
7.44,-0.42316
7.45,-0.42348
7.46,-0.4238
7.47,-0.4241
7.48,-0.4244
7.49,-0.4247
7.5,-0.42498
7.51,-0.42526
7.52,-0.42553
7.53,-0.4258
7.54,-0.42606
7.55,-0.42631
7.56,-0.42655
7.57,-0.42679
7.58,-0.42702
7.59,-0.42725
7.6,-0.42747
7.61,-0.42768
7.62,-0.42789
7.63,-0.42809
7.64,-0.42828
7.65,-0.42847
7.66,-0.42865
7.67,-0.42882
7.68,-0.42899
7.69,-0.42915
7.7,-0.4293
7.71,-0.42945
7.72,-0.4296
7.73,-0.42973
7.74,-0.42986
7.75,-0.42999
7.76,-0.43011
7.77,-0.43022
7.78,-0.43033
7.79,-0.43043
7.8,-0.43052
7.81,-0.43061
7.82,-0.43069
7.83,-0.43077
7.84,-0.43084
7.85,-0.43091
7.86,-0.43097
7.87,-0.43102
7.88,-0.43107
7.89,-0.43111
7.9,-0.43115
7.91,-0.43118
7.92,-0.43121
7.93,-0.43123
7.94,-0.43124
7.95,-0.43125
7.96,-0.43126
7.97,-0.43125
7.98,-0.43125
7.99,-0.43123
8,-0.43122
8.01,-0.43119
8.02,-0.43117
8.03,-0.43113
8.04,-0.43109
8.05,-0.43105
8.06,-0.431
8.07,-0.43094
8.08,-0.43088
8.09,-0.43082
8.1,-0.43075
8.11,-0.43068
8.12,-0.4306
8.13,-0.43051
8.14,-0.43042
8.15,-0.43033
8.16,-0.43023
8.17,-0.43012
8.18,-0.43001
8.19,-0.4299
8.2,-0.42978
8.21,-0.42965
8.22,-0.42952
8.23,-0.42939
8.24,-0.42925
8.25,-0.42911
8.26,-0.42896
8.27,-0.42881
8.28,-0.42865
8.29,-0.42849
8.3,-0.42832
8.31,-0.42815
8.32,-0.42798
8.33,-0.4278
8.34,-0.42761
8.35,-0.42742
8.36,-0.42723
8.37,-0.42703
8.38,-0.42683
8.39,-0.42662
8.4,-0.42641
8.41,-0.4262
8.42,-0.42598
8.43,-0.42575
8.44,-0.42553
8.45,-0.42529
8.46,-0.42506
8.47,-0.42482
8.48,-0.42457
8.49,-0.42432
8.5,-0.42407
8.51,-0.42381
8.52,-0.42355
8.53,-0.42329
8.54,-0.42302
8.55,-0.42275
8.56,-0.42247
8.57,-0.42219
8.58,-0.4219
8.59,-0.42162
8.6,-0.42132
8.61,-0.42103
8.62,-0.42073
8.63,-0.42042
8.64,-0.42011
8.65,-0.4198
8.66,-0.41949
8.67,-0.41917
8.68,-0.41885
8.69,-0.41852
8.7,-0.41819
8.71,-0.41786
8.72,-0.41752
8.73,-0.41718
8.74,-0.41683
8.75,-0.41649
8.76,-0.41613
8.77,-0.41578
8.78,-0.41542
8.79,-0.41506
8.8,-0.41469
8.81,-0.41433
8.82,-0.41395
8.83,-0.41358
8.84,-0.4132
8.85,-0.41282
8.86,-0.41243
8.87,-0.41204
8.88,-0.41165
8.89,-0.41126
8.9,-0.41086
8.91,-0.41046
8.92,-0.41005
8.93,-0.40964
8.94,-0.40923
8.95,-0.40882
8.96,-0.4084
8.97,-0.40798
8.98,-0.40756
8.99,-0.40713
9,-0.4067
9.01,-0.40627
9.02,-0.40583
9.03,-0.40539
9.04,-0.40495
9.05,-0.40451
9.06,-0.40406
9.07,-0.40361
9.08,-0.40316
9.09,-0.4027
9.1,-0.40224
9.11,-0.40178
9.12,-0.40132
9.13,-0.40085
9.14,-0.40038
9.15,-0.39991
9.16,-0.39943
9.17,-0.39896
9.18,-0.39848
9.19,-0.39799
9.2,-0.39751
9.21,-0.39702
9.22,-0.39653
9.23,-0.39603
9.24,-0.39554
9.25,-0.39504
9.26,-0.39454
9.27,-0.39403
9.28,-0.39353
9.29,-0.39302
9.3,-0.39251
9.31,-0.39199
9.32,-0.39148
9.33,-0.39096
9.34,-0.39044
9.35,-0.38991
9.36,-0.38939
9.37,-0.38886
9.38,-0.38833
9.39,-0.3878
9.4,-0.38726
9.41,-0.38672
9.42,-0.38618
9.43,-0.38564
9.44,-0.3851
9.45,-0.38455
9.46,-0.384
9.47,-0.38345
9.48,-0.3829
9.49,-0.38235
9.5,-0.38179
9.51,-0.38123
9.52,-0.38067
9.53,-0.38011
9.54,-0.37954
9.55,-0.37897
9.56,-0.3784
9.57,-0.37783
9.58,-0.37726
9.59,-0.37668
9.6,-0.37611
9.61,-0.37553
9.62,-0.37495
9.63,-0.37436
9.64,-0.37378
9.65,-0.37319
9.66,-0.3726
9.67,-0.37201
9.68,-0.37142
9.69,-0.37083
9.7,-0.37023
9.71,-0.36963
9.72,-0.36903
9.73,-0.36843
9.74,-0.36783
9.75,-0.36722
9.76,-0.36662
9.77,-0.36601
9.78,-0.3654
9.79,-0.36479
9.8,-0.36418
9.81,-0.36356
9.82,-0.36294
9.83,-0.36233
9.84,-0.36171
9.85,-0.36109
9.86,-0.36046
9.87,-0.35984
9.88,-0.35921
9.89,-0.35858
9.9,-0.35796
9.91,-0.35733
9.92,-0.35669
9.93,-0.35606
9.94,-0.35543
9.95,-0.35479
9.96,-0.35415
9.97,-0.35351
9.98,-0.35287
9.99,-0.35223
10,-0.35159
10.01,-0.35094
10.02,-0.3503
10.03,-0.34965
10.04,-0.349
10.05,-0.34835
10.06,-0.3477
10.07,-0.34705
10.08,-0.34639
10.09,-0.34574
10.1,-0.34508
10.11,-0.34442
10.12,-0.34377
10.13,-0.34311
10.14,-0.34245
10.15,-0.34178
10.16,-0.34112
10.17,-0.34045
10.18,-0.33979
10.19,-0.33912
10.2,-0.33845
10.21,-0.33779
10.22,-0.33712
10.23,-0.33644
10.24,-0.33577
10.25,-0.3351
10.26,-0.33442
10.27,-0.33375
10.28,-0.33307
10.29,-0.3324
10.3,-0.33172
10.31,-0.33104
10.32,-0.33036
10.33,-0.32968
10.34,-0.32899
10.35,-0.32831
10.36,-0.32763
10.37,-0.32694
10.38,-0.32626
10.39,-0.32557
10.4,-0.32488
10.41,-0.32419
10.42,-0.3235
10.43,-0.32281
10.44,-0.32212
10.45,-0.32143
10.46,-0.32074
10.47,-0.32004
10.48,-0.31935
10.49,-0.31866
10.5,-0.31796
10.51,-0.31726
10.52,-0.31657
10.53,-0.31587
10.54,-0.31517
10.55,-0.31447
10.56,-0.31377
10.57,-0.31307
10.58,-0.31237
10.59,-0.31167
10.6,-0.31096
10.61,-0.31026
10.62,-0.30956
10.63,-0.30885
10.64,-0.30815
10.65,-0.30744
10.66,-0.30673
10.67,-0.30603
10.68,-0.30532
10.69,-0.30461
10.7,-0.3039
10.71,-0.30319
10.72,-0.30248
10.73,-0.30177
10.74,-0.30106
10.75,-0.30035
10.76,-0.29964
10.77,-0.29893
10.78,-0.29821
10.79,-0.2975
10.8,-0.29679
10.81,-0.29607
10.82,-0.29536
10.83,-0.29464
10.84,-0.29393
10.85,-0.29321
10.86,-0.2925
10.87,-0.29178
10.88,-0.29106
10.89,-0.29035
10.9,-0.28963
10.91,-0.28891
10.92,-0.28819
10.93,-0.28747
10.94,-0.28675
10.95,-0.28604
10.96,-0.28532
10.97,-0.2846
10.98,-0.28388
10.99,-0.28316
11,-0.28243
11.01,-0.28171
11.02,-0.28099
11.03,-0.28027
11.04,-0.27955
11.05,-0.27883
11.06,-0.27811
11.07,-0.27738
11.08,-0.27666
11.09,-0.27594
11.1,-0.27521
11.11,-0.27449
11.12,-0.27377
11.13,-0.27304
11.14,-0.27232
11.15,-0.2716
11.16,-0.27087
11.17,-0.27015
11.18,-0.26943
11.19,-0.2687
11.2,-0.26798
11.21,-0.26725
11.22,-0.26653
11.23,-0.2658
11.24,-0.26508
11.25,-0.26435
11.26,-0.26363
11.27,-0.2629
11.28,-0.26218
11.29,-0.26145
11.3,-0.26073
11.31,-0.26
11.32,-0.25928
11.33,-0.25855
11.34,-0.25783
11.35,-0.2571
11.36,-0.25638
11.37,-0.25565
11.38,-0.25493
11.39,-0.25421
11.4,-0.25348
11.41,-0.25276
11.42,-0.25203
11.43,-0.25131
11.44,-0.25058
11.45,-0.24986
11.46,-0.24913
11.47,-0.24841
11.48,-0.24768
11.49,-0.24696
11.5,-0.24624
11.51,-0.24551
11.52,-0.24479
11.53,-0.24407
11.54,-0.24334
11.55,-0.24262
11.56,-0.2419
11.57,-0.24117
11.58,-0.24045
11.59,-0.23973
11.6,-0.23901
11.61,-0.23828
11.62,-0.23756
11.63,-0.23684
11.64,-0.23612
11.65,-0.2354
11.66,-0.23468
11.67,-0.23396
11.68,-0.23324
11.69,-0.23251
11.7,-0.23179
11.71,-0.23107
11.72,-0.23036
11.73,-0.22964
11.74,-0.22892
11.75,-0.2282
11.76,-0.22748
11.77,-0.22676
11.78,-0.22604
11.79,-0.22533
11.8,-0.22461
11.81,-0.22389
11.82,-0.22317
11.83,-0.22246
11.84,-0.22174
11.85,-0.22103
11.86,-0.22031
11.87,-0.2196
11.88,-0.21888
11.89,-0.21817
11.9,-0.21745
11.91,-0.21674
11.92,-0.21603
11.93,-0.21531
11.94,-0.2146
11.95,-0.21389
11.96,-0.21318
11.97,-0.21247
11.98,-0.21176
11.99,-0.21104
12,-0.21033
12.01,-0.20963
12.02,-0.20892
12.03,-0.20821
12.04,-0.2075
12.05,-0.20679
12.06,-0.20608
12.07,-0.20538
12.08,-0.20467
12.09,-0.20396
12.1,-0.20326
12.11,-0.20255
12.12,-0.20185
12.13,-0.20115
12.14,-0.20044
12.15,-0.19974
12.16,-0.19904
12.17,-0.19833
12.18,-0.19763
12.19,-0.19693
12.2,-0.19623
12.21,-0.19553
12.22,-0.19483
12.23,-0.19413
12.24,-0.19343
12.25,-0.19273
12.26,-0.19204
12.27,-0.19134
12.28,-0.19064
12.29,-0.18995
12.3,-0.18925
12.31,-0.18856
12.32,-0.18786
12.33,-0.18717
12.34,-0.18648
12.35,-0.18579
12.36,-0.18509
12.37,-0.1844
12.38,-0.18371
12.39,-0.18302
12.4,-0.18233
12.41,-0.18164
12.42,-0.18096
12.43,-0.18027
12.44,-0.17958
12.45,-0.17889
12.46,-0.17821
12.47,-0.17752
12.48,-0.17684
12.49,-0.17616
12.5,-0.17547
12.51,-0.17479
12.52,-0.17411
12.53,-0.17343
12.54,-0.17275
12.55,-0.17207
12.56,-0.17139
12.57,-0.17071
12.58,-0.17003
12.59,-0.16935
12.6,-0.16868
12.61,-0.168
12.62,-0.16732
12.63,-0.16665
12.64,-0.16598
12.65,-0.1653
12.66,-0.16463
12.67,-0.16396
12.68,-0.16329
12.69,-0.16262
12.7,-0.16195
12.71,-0.16128
12.72,-0.16061
12.73,-0.15994
12.74,-0.15928
12.75,-0.15861
12.76,-0.15794
12.77,-0.15728
12.78,-0.15662
12.79,-0.15595
12.8,-0.15529
12.81,-0.15463
12.82,-0.15397
12.83,-0.15331
12.84,-0.15265
12.85,-0.15199
12.86,-0.15133
12.87,-0.15067
12.88,-0.15002
12.89,-0.14936
12.9,-0.14871
12.91,-0.14805
12.92,-0.1474
12.93,-0.14675
12.94,-0.1461
12.95,-0.14544
12.96,-0.14479
12.97,-0.14415
12.98,-0.1435
12.99,-0.14285
13,-0.1422
13.01,-0.14156
13.02,-0.14091
13.03,-0.14027
13.04,-0.13962
13.05,-0.13898
13.06,-0.13834
13.07,-0.1377
13.08,-0.13705
13.09,-0.13642
13.1,-0.13578
13.11,-0.13514
13.12,-0.1345
13.13,-0.13386
13.14,-0.13323
13.15,-0.13259
13.16,-0.13196
13.17,-0.13133
13.18,-0.13069
13.19,-0.13006
13.2,-0.12943
13.21,-0.1288
13.22,-0.12817
13.23,-0.12755
13.24,-0.12692
13.25,-0.12629
13.26,-0.12567
13.27,-0.12504
13.28,-0.12442
13.29,-0.1238
13.3,-0.12317
13.31,-0.12255
13.32,-0.12193
13.33,-0.12131
13.34,-0.1207
13.35,-0.12008
13.36,-0.11946
13.37,-0.11884
13.38,-0.11823
13.39,-0.11762
13.4,-0.117
13.41,-0.11639
13.42,-0.11578
13.43,-0.11517
13.44,-0.11456
13.45,-0.11395
13.46,-0.11334
13.47,-0.11273
13.48,-0.11213
13.49,-0.11152
13.5,-0.11092
13.51,-0.11032
13.52,-0.10971
13.53,-0.10911
13.54,-0.10851
13.55,-0.10791
13.56,-0.10731
13.57,-0.10671
13.58,-0.10612
13.59,-0.10552
13.6,-0.10493
13.61,-0.10433
13.62,-0.10374
13.63,-0.10315
13.64,-0.10255
13.65,-0.10196
13.66,-0.10137
13.67,-0.10079
13.68,-0.1002
13.69,-0.09961
13.7,-0.099024
13.71,-0.098439
13.72,-0.097855
13.73,-0.097272
13.74,-0.09669
13.75,-0.096108
13.76,-0.095528
13.77,-0.094949
13.78,-0.09437
13.79,-0.093793
13.8,-0.093216
13.81,-0.09264
13.82,-0.092066
13.83,-0.091492
13.84,-0.090919
13.85,-0.090347
13.86,-0.089776
13.87,-0.089206
13.88,-0.088637
13.89,-0.088069
13.9,-0.087502
13.91,-0.086936
13.92,-0.086371
13.93,-0.085806
13.94,-0.085243
13.95,-0.084681
13.96,-0.084119
13.97,-0.083559
13.98,-0.083
13.99,-0.082441
14,-0.081884
14.01,-0.081327
14.02,-0.080771
14.03,-0.080217
14.04,-0.079663
14.05,-0.07911
14.06,-0.078559
14.07,-0.078008
14.08,-0.077458
14.09,-0.076909
14.1,-0.076361
14.11,-0.075814
14.12,-0.075268
14.13,-0.074723
14.14,-0.074179
14.15,-0.073636
14.16,-0.073094
14.17,-0.072553
14.18,-0.072013
14.19,-0.071474
14.2,-0.070936
14.21,-0.070399
14.22,-0.069863
14.23,-0.069327
14.24,-0.068793
14.25,-0.06826
14.26,-0.067728
14.27,-0.067196
14.28,-0.066666
14.29,-0.066137
14.3,-0.065608
14.31,-0.065081
14.32,-0.064554
14.33,-0.064029
14.34,-0.063505
14.35,-0.062981
14.36,-0.062459
14.37,-0.061937
14.38,-0.061417
14.39,-0.060897
14.4,-0.060379
14.41,-0.059861
14.42,-0.059344
14.43,-0.058829
14.44,-0.058314
14.45,-0.057801
14.46,-0.057288
14.47,-0.056776
14.48,-0.056266
14.49,-0.055756
14.5,-0.055248
14.51,-0.05474
14.52,-0.054233
14.53,-0.053727
14.54,-0.053223
14.55,-0.052719
14.56,-0.052216
14.57,-0.051714
14.58,-0.051214
14.59,-0.050714
14.6,-0.050215
14.61,-0.049717
14.62,-0.049221
14.63,-0.048725
14.64,-0.04823
14.65,-0.047736
14.66,-0.047243
14.67,-0.046751
14.68,-0.04626
14.69,-0.045771
14.7,-0.045282
14.71,-0.044794
14.72,-0.044307
14.73,-0.043821
14.74,-0.043336
14.75,-0.042852
14.76,-0.042369
14.77,-0.041887
14.78,-0.041406
14.79,-0.040926
14.8,-0.040447
14.81,-0.039969
14.82,-0.039492
14.83,-0.039016
14.84,-0.038541
14.85,-0.038067
14.86,-0.037594
14.87,-0.037122
14.88,-0.036651
14.89,-0.036181
14.9,-0.035711
14.91,-0.035243
14.92,-0.034776
14.93,-0.03431
14.94,-0.033845
14.95,-0.033381
14.96,-0.032917
14.97,-0.032455
14.98,-0.031994
14.99,-0.031534
15,-0.031074
15.01,-0.030616
15.02,-0.030159
15.03,-0.029703
15.04,-0.029247
15.05,-0.028793
15.06,-0.02834
15.07,-0.027887
15.08,-0.027436
15.09,-0.026985
15.1,-0.026536
15.11,-0.026087
15.12,-0.02564
15.13,-0.025193
15.14,-0.024748
15.15,-0.024303
15.16,-0.02386
15.17,-0.023417
15.18,-0.022976
15.19,-0.022535
15.2,-0.022095
15.21,-0.021657
15.22,-0.021219
15.23,-0.020782
15.24,-0.020347
15.25,-0.019912
15.26,-0.019478
15.27,-0.019045
15.28,-0.018613
15.29,-0.018183
15.3,-0.017753
15.31,-0.017324
15.32,-0.016896
15.33,-0.016469
15.34,-0.016043
15.35,-0.015618
15.36,-0.015194
15.37,-0.014771
15.38,-0.014348
15.39,-0.013927
15.4,-0.013507
15.41,-0.013088
15.42,-0.01267
15.43,-0.012252
15.44,-0.011836
15.45,-0.011421
15.46,-0.011006
15.47,-0.010593
15.48,-0.01018
15.49,-0.0097687
15.5,-0.0093581
15.51,-0.0089485
15.52,-0.0085399
15.53,-0.0081322
15.54,-0.0077255
15.55,-0.0073197
15.56,-0.0069149
15.57,-0.006511
15.58,-0.0061081
15.59,-0.0057062
15.6,-0.0053052
15.61,-0.0049051
15.62,-0.004506
15.63,-0.0041079
15.64,-0.0037107
15.65,-0.0033145
15.66,-0.0029192
15.67,-0.0025248
15.68,-0.0021314
15.69,-0.001739
15.7,-0.0013475
15.71,-0.00095694
15.72,-0.00056733
15.73,-0.00017866
15.74,0.00020906
15.75,0.00059585
15.76,0.00098169
15.77,0.0013666
15.78,0.0017506
15.79,0.0021336
15.8,0.0025157
15.81,0.0028968
15.82,0.003277
15.83,0.0036563
15.84,0.0040346
15.85,0.004412
15.86,0.0047885
15.87,0.0051641
15.88,0.0055387
15.89,0.0059124
15.9,0.0062851
15.91,0.0066569
15.92,0.0070278
15.93,0.0073978
15.94,0.0077668
15.95,0.008135
15.96,0.0085022
15.97,0.0088684
15.98,0.0092338
15.99,0.0095982
16,0.0099617
16.01,0.010324
16.02,0.010686
16.03,0.011047
16.04,0.011407
16.05,0.011765
16.06,0.012123
16.07,0.012481
16.08,0.012837
16.09,0.013192
16.1,0.013546
16.11,0.0139
16.12,0.014252
16.13,0.014604
16.14,0.014955
16.15,0.015305
16.16,0.015654
16.17,0.016002
16.18,0.016349
16.19,0.016695
16.2,0.01704
16.21,0.017385
16.22,0.017728
16.23,0.018071
16.24,0.018412
16.25,0.018753
16.26,0.019093
16.27,0.019432
16.28,0.01977
16.29,0.020108
16.3,0.020444
16.31,0.020779
16.32,0.021114
16.33,0.021448
16.34,0.021781
16.35,0.022112
16.36,0.022443
16.37,0.022774
16.38,0.023103
16.39,0.023431
16.4,0.023759
16.41,0.024085
16.42,0.024411
16.43,0.024736
16.44,0.02506
16.45,0.025383
16.46,0.025706
16.47,0.026027
16.48,0.026348
16.49,0.026667
16.5,0.026986
16.51,0.027304
16.52,0.027621
16.53,0.027937
16.54,0.028252
16.55,0.028567
16.56,0.028881
16.57,0.029193
16.58,0.029505
16.59,0.029816
16.6,0.030126
16.61,0.030436
16.62,0.030744
16.63,0.031052
16.64,0.031359
16.65,0.031664
16.66,0.031969
16.67,0.032274
16.68,0.032577
16.69,0.03288
16.7,0.033181
16.71,0.033482
16.72,0.033782
16.73,0.034081
16.74,0.03438
16.75,0.034677
16.76,0.034974
16.77,0.035269
16.78,0.035564
16.79,0.035858
16.8,0.036152
16.81,0.036444
16.82,0.036736
16.83,0.037027
16.84,0.037317
16.85,0.037606
16.86,0.037894
16.87,0.038182
16.88,0.038468
16.89,0.038754
16.9,0.039039
16.91,0.039323
16.92,0.039607
16.93,0.039889
16.94,0.040171
16.95,0.040452
16.96,0.040732
16.97,0.041012
16.98,0.04129
16.99,0.041568
17,0.041845
17.01,0.042121
17.02,0.042396
17.03,0.04267
17.04,0.042944
17.05,0.043217
17.06,0.043489
17.07,0.04376
17.08,0.044031
17.09,0.044301
17.1,0.044569
17.11,0.044838
17.12,0.045105
17.13,0.045371
17.14,0.045637
17.15,0.045902
17.16,0.046166
17.17,0.046429
17.18,0.046692
17.19,0.046954
17.2,0.047215
17.21,0.047475
17.22,0.047734
17.23,0.047993
17.24,0.048251
17.25,0.048508
17.26,0.048764
17.27,0.04902
17.28,0.049275
17.29,0.049529
17.3,0.049782
17.31,0.050035
17.32,0.050286
17.33,0.050537
17.34,0.050787
17.35,0.051037
17.36,0.051285
17.37,0.051533
17.38,0.051781
17.39,0.052027
17.4,0.052273
17.41,0.052517
17.42,0.052762
17.43,0.053005
17.44,0.053248
17.45,0.053489
17.46,0.05373
17.47,0.053971
17.48,0.05421
17.49,0.054449
17.5,0.054687
17.51,0.054925
17.52,0.055162
17.53,0.055397
17.54,0.055633
17.55,0.055867
17.56,0.056101
17.57,0.056334
17.58,0.056566
17.59,0.056797
17.6,0.057028
17.61,0.057258
17.62,0.057488
17.63,0.057716
17.64,0.057944
17.65,0.058171
17.66,0.058398
17.67,0.058623
17.68,0.058848
17.69,0.059073
17.7,0.059296
17.71,0.059519
17.72,0.059741
17.73,0.059963
17.74,0.060183
17.75,0.060403
17.76,0.060623
17.77,0.060841
17.78,0.061059
17.79,0.061276
17.8,0.061493
17.81,0.061708
17.82,0.061923
17.83,0.062138
17.84,0.062351
17.85,0.062564
17.86,0.062777
17.87,0.062988
17.88,0.063199
17.89,0.063409
17.9,0.063619
17.91,0.063828
17.92,0.064036
17.93,0.064243
17.94,0.06445
17.95,0.064656
17.96,0.064861
17.97,0.065066
17.98,0.06527
17.99,0.065474
18,0.065676
18.01,0.065878
18.02,0.06608
18.03,0.06628
18.04,0.06648
18.05,0.06668
18.06,0.066878
18.07,0.067076
18.08,0.067274
18.09,0.06747
18.1,0.067666
18.11,0.067862
18.12,0.068056
18.13,0.06825
18.14,0.068444
18.15,0.068636
18.16,0.068828
18.17,0.06902
18.18,0.069211
18.19,0.069401
18.2,0.06959
18.21,0.069779
18.22,0.069967
18.23,0.070155
18.24,0.070341
18.25,0.070528
18.26,0.070713
18.27,0.070898
18.28,0.071082
18.29,0.071266
18.3,0.071449
18.31,0.071632
18.32,0.071813
18.33,0.071994
18.34,0.072175
18.35,0.072355
18.36,0.072534
18.37,0.072713
18.38,0.072891
18.39,0.073068
18.4,0.073245
18.41,0.073421
18.42,0.073596
18.43,0.073771
18.44,0.073946
18.45,0.074119
18.46,0.074292
18.47,0.074465
18.48,0.074637
18.49,0.074808
18.5,0.074978
18.51,0.075148
18.52,0.075318
18.53,0.075486
18.54,0.075655
18.55,0.075822
18.56,0.075989
18.57,0.076156
18.58,0.076321
18.59,0.076487
18.6,0.076651
18.61,0.076815
18.62,0.076979
18.63,0.077141
18.64,0.077304
18.65,0.077465
18.66,0.077626
18.67,0.077787
18.68,0.077947
18.69,0.078106
18.7,0.078265
18.71,0.078423
18.72,0.07858
18.73,0.078737
18.74,0.078894
18.75,0.079049
18.76,0.079205
18.77,0.079359
18.78,0.079513
18.79,0.079667
18.8,0.07982
18.81,0.079972
18.82,0.080124
18.83,0.080275
18.84,0.080426
18.85,0.080576
18.86,0.080726
18.87,0.080875
18.88,0.081023
18.89,0.081171
18.9,0.081318
18.91,0.081465
18.92,0.081611
18.93,0.081757
18.94,0.081902
18.95,0.082047
18.96,0.082191
18.97,0.082334
18.98,0.082477
18.99,0.08262
19,0.082762
19.01,0.082903
19.02,0.083044
19.03,0.083184
19.04,0.083324
19.05,0.083463
19.06,0.083601
19.07,0.083739
19.08,0.083877
19.09,0.084014
19.1,0.08415
19.11,0.084286
19.12,0.084422
19.13,0.084557
19.14,0.084691
19.15,0.084825
19.16,0.084958
19.17,0.085091
19.18,0.085224
19.19,0.085355
19.2,0.085487
19.21,0.085617
19.22,0.085748
19.23,0.085877
19.24,0.086007
19.25,0.086135
19.26,0.086263
19.27,0.086391
19.28,0.086518
19.29,0.086645
19.3,0.086771
19.31,0.086897
19.32,0.087022
19.33,0.087147
19.34,0.087271
19.35,0.087394
19.36,0.087518
19.37,0.08764
19.38,0.087762
19.39,0.087884
19.4,0.088005
19.41,0.088126
19.42,0.088246
19.43,0.088366
19.44,0.088485
19.45,0.088604
19.46,0.088722
19.47,0.08884
19.48,0.088957
19.49,0.089074
19.5,0.08919
19.51,0.089306
19.52,0.089422
19.53,0.089537
19.54,0.089651
19.55,0.089765
19.56,0.089879
19.57,0.089992
19.58,0.090104
19.59,0.090216
19.6,0.090328
19.61,0.090439
19.62,0.09055
19.63,0.09066
19.64,0.09077
19.65,0.090879
19.66,0.090988
19.67,0.091096
19.68,0.091204
19.69,0.091312
19.7,0.091419
19.71,0.091525
19.72,0.091631
19.73,0.091737
19.74,0.091842
19.75,0.091947
19.76,0.092051
19.77,0.092155
19.78,0.092258
19.79,0.092361
19.8,0.092464
19.81,0.092566
19.82,0.092668
19.83,0.092769
19.84,0.09287
19.85,0.09297
19.86,0.09307
19.87,0.093169
19.88,0.093268
19.89,0.093367
19.9,0.093465
19.91,0.093563
19.92,0.09366
19.93,0.093757
19.94,0.093854
19.95,0.09395
19.96,0.094045
19.97,0.09414
19.98,0.094235
19.99,0.094329
20,0.094423
20.01,0.094517
20.02,0.09461
20.03,0.094703
20.04,0.094795
20.05,0.094887
20.06,0.094978
20.07,0.095069
20.08,0.09516
20.09,0.09525
20.1,0.09534
20.11,0.095429
20.12,0.095518
20.13,0.095607
20.14,0.095695
20.15,0.095783
20.16,0.09587
20.17,0.095957
20.18,0.096044
20.19,0.09613
20.2,0.096216
20.21,0.096301
20.22,0.096386
20.23,0.096471
20.24,0.096555
20.25,0.096639
20.26,0.096722
20.27,0.096805
20.28,0.096888
20.29,0.09697
20.3,0.097052
20.31,0.097133
20.32,0.097214
20.33,0.097295
20.34,0.097375
20.35,0.097455
20.36,0.097535
20.37,0.097614
20.38,0.097693
20.39,0.097772
20.4,0.09785
20.41,0.097927
20.42,0.098005
20.43,0.098082
20.44,0.098158
20.45,0.098234
20.46,0.09831
20.47,0.098386
20.48,0.098461
20.49,0.098536
20.5,0.09861
20.51,0.098684
20.52,0.098758
20.53,0.098831
20.54,0.098904
20.55,0.098977
20.56,0.099049
20.57,0.099121
20.58,0.099192
20.59,0.099264
20.6,0.099334
20.61,0.099405
20.62,0.099475
20.63,0.099545
20.64,0.099614
20.65,0.099683
20.66,0.099752
20.67,0.09982
20.68,0.099888
20.69,0.099956
20.7,0.099976
20.71,0.099909
20.72,0.099843
20.73,0.099776
20.74,0.09971
20.75,0.099645
20.76,0.099579
20.77,0.099514
20.78,0.09945
20.79,0.099385
20.8,0.099321
20.81,0.099258
20.82,0.099194
20.83,0.099131
20.84,0.099069
20.85,0.099006
20.86,0.098944
20.87,0.098883
20.88,0.098821
20.89,0.09876
20.9,0.098699
20.91,0.098639
20.92,0.098579
20.93,0.098519
20.94,0.09846
20.95,0.098401
20.96,0.098342
20.97,0.098283
20.98,0.098225
20.99,0.098167
21,0.09811
21.01,0.098052
21.02,0.097995
21.03,0.097939
21.04,0.097882
21.05,0.097826
21.06,0.097771
21.07,0.097715
21.08,0.09766
21.09,0.097605
21.1,0.097551
21.11,0.097496
21.12,0.097443
21.13,0.097389
21.14,0.097336
21.15,0.097283
21.16,0.09723
21.17,0.097177
21.18,0.097125
21.19,0.097073
21.2,0.097022
21.21,0.096971
21.22,0.09692
21.23,0.096869
21.24,0.096819
21.25,0.096768
21.26,0.096719
21.27,0.096669
21.28,0.09662
21.29,0.096571
21.3,0.096522
21.31,0.096474
21.32,0.096426
21.33,0.096378
21.34,0.09633
21.35,0.096283
21.36,0.096236
21.37,0.096189
21.38,0.096143
21.39,0.096097
21.4,0.096051
21.41,0.096005
21.42,0.09596
21.43,0.095915
21.44,0.09587
21.45,0.095825
21.46,0.095781
21.47,0.095737
21.48,0.095693
21.49,0.09565
21.5,0.095607
21.51,0.095564
21.52,0.095521
21.53,0.095478
21.54,0.095436
21.55,0.095394
21.56,0.095353
21.57,0.095311
21.58,0.09527
21.59,0.095229
21.6,0.095189
21.61,0.095148
21.62,0.095108
21.63,0.095068
21.64,0.095029
21.65,0.094989
21.66,0.09495
21.67,0.094911
21.68,0.094873
21.69,0.094834
21.7,0.094796
21.71,0.094758
21.72,0.094721
21.73,0.094683
21.74,0.094646
21.75,0.094609
21.76,0.094573
21.77,0.094536
21.78,0.0945
21.79,0.094464
21.8,0.094428
21.81,0.094393
21.82,0.094358
21.83,0.094323
21.84,0.094288
21.85,0.094253
21.86,0.094219
21.87,0.094185
21.88,0.094151
21.89,0.094118
21.9,0.094084
21.91,0.094051
21.92,0.094018
21.93,0.093986
21.94,0.093953
21.95,0.093921
21.96,0.093889
21.97,0.093857
21.98,0.093826
21.99,0.093794
22,0.093763
22.01,0.093732
22.02,0.093702
22.03,0.093671
22.04,0.093641
22.05,0.093611
22.06,0.093581
22.07,0.093552
22.08,0.093522
22.09,0.093493
22.1,0.093464
22.11,0.093435
22.12,0.093407
22.13,0.093379
22.14,0.093351
22.15,0.093323
22.16,0.093295
22.17,0.093268
22.18,0.09324
22.19,0.093213
22.2,0.093186
22.21,0.09316
22.22,0.093133
22.23,0.093107
22.24,0.093081
22.25,0.093055
22.26,0.09303
22.27,0.093004
22.28,0.092979
22.29,0.092954
22.3,0.092929
22.31,0.092905
22.32,0.09288
22.33,0.092856
22.34,0.092832
22.35,0.092808
22.36,0.092785
22.37,0.092761
22.38,0.092738
22.39,0.092715
22.4,0.092692
22.41,0.092669
22.42,0.092647
22.43,0.092624
22.44,0.092602
22.45,0.09258
22.46,0.092559
22.47,0.092537
22.48,0.092516
22.49,0.092495
22.5,0.092474
22.51,0.092453
22.52,0.092432
22.53,0.092412
22.54,0.092391
22.55,0.092371
22.56,0.092351
22.57,0.092332
22.58,0.092312
22.59,0.092293
22.6,0.092273
22.61,0.092254
22.62,0.092236
22.63,0.092217
22.64,0.092198
22.65,0.09218
22.66,0.092162
22.67,0.092144
22.68,0.092126
22.69,0.092108
22.7,0.092091
22.71,0.092074
22.72,0.092057
22.73,0.09204
22.74,0.092023
22.75,0.092006
22.76,0.09199
22.77,0.091973
22.78,0.091957
22.79,0.091941
22.8,0.091925
22.81,0.09191
22.82,0.091894
22.83,0.091879
22.84,0.091864
22.85,0.091849
22.86,0.091834
22.87,0.091819
22.88,0.091805
22.89,0.09179
22.9,0.091776
22.91,0.091762
22.92,0.091748
22.93,0.091734
22.94,0.091721
22.95,0.091707
22.96,0.091694
22.97,0.091681
22.98,0.091668
22.99,0.091655
23,0.091642
23.01,0.09163
23.02,0.091618
23.03,0.091605
23.04,0.091593
23.05,0.091581
23.06,0.091569
23.07,0.091558
23.08,0.091546
23.09,0.091535
23.1,0.091524
23.11,0.091513
23.12,0.091502
23.13,0.091491
23.14,0.09148
23.15,0.09147
23.16,0.091459
23.17,0.091449
23.18,0.091439
23.19,0.091429
23.2,0.091419
23.21,0.09141
23.22,0.0914
23.23,0.091391
23.24,0.091381
23.25,0.091372
23.26,0.091363
23.27,0.091354
23.28,0.091346
23.29,0.091337
23.3,0.091329
23.31,0.09132
23.32,0.091312
23.33,0.091304
23.34,0.091296
23.35,0.091288
23.36,0.091281
23.37,0.091273
23.38,0.091266
23.39,0.091258
23.4,0.091251
23.41,0.091244
23.42,0.091237
23.43,0.09123
23.44,0.091224
23.45,0.091217
23.46,0.091211
23.47,0.091204
23.48,0.091198
23.49,0.091192
23.5,0.091186
23.51,0.09118
23.52,0.091175
23.53,0.091169
23.54,0.091164
23.55,0.091158
23.56,0.091153
23.57,0.091148
23.58,0.091143
23.59,0.091138
23.6,0.091133
23.61,0.091128
23.62,0.091124
23.63,0.09112
23.64,0.091115
23.65,0.091111
23.66,0.091107
23.67,0.091103
23.68,0.091099
23.69,0.091095
23.7,0.091092
23.71,0.091088
23.72,0.091085
23.73,0.091081
23.74,0.091078
23.75,0.091075
23.76,0.091072
23.77,0.091069
23.78,0.091066
23.79,0.091064
23.8,0.091061
23.81,0.091059
23.82,0.091056
23.83,0.091054
23.84,0.091052
23.85,0.09105
23.86,0.091048
23.87,0.091046
23.88,0.091044
23.89,0.091043
23.9,0.091041
23.91,0.09104
23.92,0.091038
23.93,0.091037
23.94,0.091036
23.95,0.091035
23.96,0.091034
23.97,0.091033
23.98,0.091032
23.99,0.091031
24,0.091031
24.01,0.09103
24.02,0.09103
24.03,0.09103
24.04,0.091029
24.05,0.091029
24.06,0.091029
24.07,0.091029
24.08,0.09103
24.09,0.09103
24.1,0.09103
24.11,0.091031
24.12,0.091031
24.13,0.091032
24.14,0.091032
24.15,0.091033
24.16,0.091034
24.17,0.091035
24.18,0.091036
24.19,0.091037
24.2,0.091038
24.21,0.09104
24.22,0.091041
24.23,0.091043
24.24,0.091044
24.25,0.091046
24.26,0.091047
24.27,0.091049
24.28,0.091051
24.29,0.091053
24.3,0.091055
24.31,0.091057
24.32,0.09106
24.33,0.091062
24.34,0.091064
24.35,0.091067
24.36,0.091069
24.37,0.091072
24.38,0.091074
24.39,0.091077
24.4,0.09108
24.41,0.091083
24.42,0.091086
24.43,0.091089
24.44,0.091092
24.45,0.091095
24.46,0.091099
24.47,0.091102
24.48,0.091106
24.49,0.091109
24.5,0.091113
24.51,0.091116
24.52,0.09112
24.53,0.091124
24.54,0.091128
24.55,0.091132
24.56,0.091136
24.57,0.09114
24.58,0.091144
24.59,0.091148
24.6,0.091153
24.61,0.091157
24.62,0.091161
24.63,0.091166
24.64,0.09117
24.65,0.091175
24.66,0.09118
24.67,0.091185
24.68,0.091189
24.69,0.091194
24.7,0.091199
24.71,0.091204
24.72,0.091209
24.73,0.091215
24.74,0.09122
24.75,0.091225
24.76,0.09123
24.77,0.091236
24.78,0.091241
24.79,0.091247
24.8,0.091252
24.81,0.091258
24.82,0.091264
24.83,0.09127
24.84,0.091275
24.85,0.091281
24.86,0.091287
24.87,0.091293
24.88,0.091299
24.89,0.091306
24.9,0.091312
24.91,0.091318
24.92,0.091324
24.93,0.091331
24.94,0.091337
24.95,0.091344
24.96,0.09135
24.97,0.091357
24.98,0.091363
24.99,0.09137
25,0.091377
25.01,0.091384
25.02,0.09139
25.03,0.091397
25.04,0.091404
25.05,0.091411
25.06,0.091418
25.07,0.091425
25.08,0.091433
25.09,0.09144
25.1,0.091447
25.11,0.091454
25.12,0.091462
25.13,0.091469
25.14,0.091477
25.15,0.091484
25.16,0.091492
25.17,0.091499
25.18,0.091507
25.19,0.091515
25.2,0.091523
25.21,0.09153
25.22,0.091538
25.23,0.091546
25.24,0.091554
25.25,0.091562
25.26,0.09157
25.27,0.091578
25.28,0.091586
25.29,0.091595
25.3,0.091603
25.31,0.091611
25.32,0.091619
25.33,0.091628
25.34,0.091636
25.35,0.091645
25.36,0.091653
25.37,0.091662
25.38,0.09167
25.39,0.091679
25.4,0.091687
25.41,0.091696
25.42,0.091705
25.43,0.091714
25.44,0.091722
25.45,0.091731
25.46,0.09174
25.47,0.091749
25.48,0.091758
25.49,0.091767
25.5,0.091776
25.51,0.091785
25.52,0.091794
25.53,0.091804
25.54,0.091813
25.55,0.091822
25.56,0.091831
25.57,0.091841
25.58,0.09185
25.59,0.091859
25.6,0.091869
25.61,0.091878
25.62,0.091888
25.63,0.091897
25.64,0.091907
25.65,0.091916
25.66,0.091926
25.67,0.091936
25.68,0.091945
25.69,0.091955
25.7,0.091965
25.71,0.091975
25.72,0.091984
25.73,0.091994
25.74,0.092004
25.75,0.092014
25.76,0.092024
25.77,0.092034
25.78,0.092044
25.79,0.092054
25.8,0.092064
25.81,0.092074
25.82,0.092084
25.83,0.092095
25.84,0.092105
25.85,0.092115
25.86,0.092125
25.87,0.092136
25.88,0.092146
25.89,0.092156
25.9,0.092167
25.91,0.092177
25.92,0.092187
25.93,0.092198
25.94,0.092208
25.95,0.092219
25.96,0.092229
25.97,0.09224
25.98,0.092251
25.99,0.092261
26,0.092272
26.01,0.092282
26.02,0.092293
26.03,0.092304
26.04,0.092315
26.05,0.092325
26.06,0.092336
26.07,0.092347
26.08,0.092358
26.09,0.092369
26.1,0.092379
26.11,0.09239
26.12,0.092401
26.13,0.092412
26.14,0.092423
26.15,0.092434
26.16,0.092445
26.17,0.092456
26.18,0.092467
26.19,0.092478
26.2,0.092489
26.21,0.0925
26.22,0.092512
26.23,0.092523
26.24,0.092534
26.25,0.092545
26.26,0.092556
26.27,0.092568
26.28,0.092579
26.29,0.09259
26.3,0.092601
26.31,0.092613
26.32,0.092624
26.33,0.092635
26.34,0.092647
26.35,0.092658
26.36,0.092669
26.37,0.092681
26.38,0.092692
26.39,0.092704
26.4,0.092715
26.41,0.092727
26.42,0.092738
26.43,0.09275
26.44,0.092761
26.45,0.092773
26.46,0.092784
26.47,0.092796
26.48,0.092807
26.49,0.092819
26.5,0.092831
26.51,0.092842
26.52,0.092854
26.53,0.092866
26.54,0.092877
26.55,0.092889
26.56,0.092901
26.57,0.092912
26.58,0.092924
26.59,0.092936
26.6,0.092948
26.61,0.092959
26.62,0.092971
26.63,0.092983
26.64,0.092995
26.65,0.093007
26.66,0.093018
26.67,0.09303
26.68,0.093042
26.69,0.093054
26.7,0.093066
26.71,0.093078
26.72,0.09309
26.73,0.093101
26.74,0.093113
26.75,0.093125
26.76,0.093137
26.77,0.093149
26.78,0.093161
26.79,0.093173
26.8,0.093185
26.81,0.093197
26.82,0.093209
26.83,0.093221
26.84,0.093233
26.85,0.093245
26.86,0.093257
26.87,0.093269
26.88,0.093281
26.89,0.093293
26.9,0.093305
26.91,0.093317
26.92,0.093329
26.93,0.093341
26.94,0.093354
26.95,0.093366
26.96,0.093378
26.97,0.09339
26.98,0.093402
26.99,0.093414
27,0.093426
27.01,0.093438
27.02,0.09345
27.03,0.093463
27.04,0.093475
27.05,0.093487
27.06,0.093499
27.07,0.093511
27.08,0.093523
27.09,0.093535
27.1,0.093548
27.11,0.09356
27.12,0.093572
27.13,0.093584
27.14,0.093596
27.15,0.093609
27.16,0.093621
27.17,0.093633
27.18,0.093645
27.19,0.093657
27.2,0.09367
27.21,0.093682
27.22,0.093694
27.23,0.093706
27.24,0.093718
27.25,0.093731
27.26,0.093743
27.27,0.093755
27.28,0.093767
27.29,0.09378
27.3,0.093792
27.31,0.093804
27.32,0.093816
27.33,0.093829
27.34,0.093841
27.35,0.093853
27.36,0.093865
27.37,0.093877
27.38,0.09389
27.39,0.093902
27.4,0.093914
27.41,0.093926
27.42,0.093939
27.43,0.093951
27.44,0.093963
27.45,0.093975
27.46,0.093988
27.47,0.094
27.48,0.094012
27.49,0.094024
27.5,0.094037
27.51,0.094049
27.52,0.094061
27.53,0.094073
27.54,0.094086
27.55,0.094098
27.56,0.09411
27.57,0.094122
27.58,0.094134
27.59,0.094147
27.6,0.094159
27.61,0.094171
27.62,0.094183
27.63,0.094196
27.64,0.094208
27.65,0.09422
27.66,0.094232
27.67,0.094244
27.68,0.094257
27.69,0.094269
27.7,0.094281
27.71,0.094293
27.72,0.094305
27.73,0.094318
27.74,0.09433
27.75,0.094342
27.76,0.094354
27.77,0.094366
27.78,0.094378
27.79,0.094391
27.8,0.094403
27.81,0.094415
27.82,0.094427
27.83,0.094439
27.84,0.094451
27.85,0.094463
27.86,0.094476
27.87,0.094488
27.88,0.0945
27.89,0.094512
27.9,0.094524
27.91,0.094536
27.92,0.094548
27.93,0.09456
27.94,0.094572
27.95,0.094585
27.96,0.094597
27.97,0.094609
27.98,0.094621
27.99,0.094633
28,0.094645
28.01,0.094657
28.02,0.094669
28.03,0.094681
28.04,0.094693
28.05,0.094705
28.06,0.094717
28.07,0.094729
28.08,0.094741
28.09,0.094753
28.1,0.094765
28.11,0.094777
28.12,0.094789
28.13,0.094801
28.14,0.094813
28.15,0.094825
28.16,0.094837
28.17,0.094849
28.18,0.094861
28.19,0.094873
28.2,0.094885
28.21,0.094896
28.22,0.094908
28.23,0.09492
28.24,0.094932
28.25,0.094944
28.26,0.094956
28.27,0.094968
28.28,0.094979
28.29,0.094991
28.3,0.095003
28.31,0.095015
28.32,0.095027
28.33,0.095039
28.34,0.09505
28.35,0.095062
28.36,0.095074
28.37,0.095086
28.38,0.095097
28.39,0.095109
28.4,0.095121
28.41,0.095133
28.42,0.095144
28.43,0.095156
28.44,0.095168
28.45,0.095179
28.46,0.095191
28.47,0.095203
28.48,0.095214
28.49,0.095226
28.5,0.095238
28.51,0.095249
28.52,0.095261
28.53,0.095273
28.54,0.095284
28.55,0.095296
28.56,0.095307
28.57,0.095319
28.58,0.09533
28.59,0.095342
28.6,0.095354
28.61,0.095365
28.62,0.095377
28.63,0.095388
28.64,0.0954
28.65,0.095411
28.66,0.095422
28.67,0.095434
28.68,0.095445
28.69,0.095457
28.7,0.095468
28.71,0.09548
28.72,0.095491
28.73,0.095502
28.74,0.095514
28.75,0.095525
28.76,0.095537
28.77,0.095548
28.78,0.095559
28.79,0.095571
28.8,0.095582
28.81,0.095593
28.82,0.095604
28.83,0.095616
28.84,0.095627
28.85,0.095638
28.86,0.095649
28.87,0.095661
28.88,0.095672
28.89,0.095683
28.9,0.095694
28.91,0.095705
28.92,0.095716
28.93,0.095728
28.94,0.095739
28.95,0.09575
28.96,0.095761
28.97,0.095772
28.98,0.095783
28.99,0.095794
29,0.095805
29.01,0.095816
29.02,0.095827
29.03,0.095838
29.04,0.095849
29.05,0.09586
29.06,0.095871
29.07,0.095882
29.08,0.095893
29.09,0.095904
29.1,0.095915
29.11,0.095926
29.12,0.095937
29.13,0.095948
29.14,0.095959
29.15,0.095969
29.16,0.09598
29.17,0.095991
29.18,0.096002
29.19,0.096013
29.2,0.096024
29.21,0.096034
29.22,0.096045
29.23,0.096056
29.24,0.096066
29.25,0.096077
29.26,0.096088
29.27,0.096099
29.28,0.096109
29.29,0.09612
29.3,0.096131
29.31,0.096141
29.32,0.096152
29.33,0.096162
29.34,0.096173
29.35,0.096184
29.36,0.096194
29.37,0.096205
29.38,0.096215
29.39,0.096226
29.4,0.096236
29.41,0.096247
29.42,0.096257
29.43,0.096268
29.44,0.096278
29.45,0.096288
29.46,0.096299
29.47,0.096309
29.48,0.09632
29.49,0.09633
29.5,0.09634
29.51,0.096351
29.52,0.096361
29.53,0.096371
29.54,0.096382
29.55,0.096392
29.56,0.096402
29.57,0.096412
29.58,0.096423
29.59,0.096433
29.6,0.096443
29.61,0.096453
29.62,0.096463
29.63,0.096473
29.64,0.096484
29.65,0.096494
29.66,0.096504
29.67,0.096514
29.68,0.096524
29.69,0.096534
29.7,0.096544
29.71,0.096554
29.72,0.096564
29.73,0.096574
29.74,0.096584
29.75,0.096594
29.76,0.096604
29.77,0.096614
29.78,0.096624
29.79,0.096634
29.8,0.096644
29.81,0.096654
29.82,0.096663
29.83,0.096673
29.84,0.096683
29.85,0.096693
29.86,0.096703
29.87,0.096712
29.88,0.096722
29.89,0.096732
29.9,0.096742
29.91,0.096751
29.92,0.096761
29.93,0.096771
29.94,0.09678
29.95,0.09679
29.96,0.0968
29.97,0.096809
29.98,0.096819
29.99,0.096829
30,0.096838
