t,z
0,5
0.01,5
0.02,5
0.03,5
0.04,5
0.05,5
0.06,5
0.07,5
0.08,5
0.09,5
0.1,5
0.11,5
0.12,5
0.13,5
0.14,5
0.15,5
0.16,5
0.17,5
0.18,5
0.19,5
0.2,5
0.21,5
0.22,5
0.23,5
0.24,5
0.25,5
0.26,5
0.27,5
0.28,5
0.29,5
0.3,5
0.31,5
0.32,5
0.33,5
0.34,5
0.35,5
0.36,5
0.37,5
0.38,5
0.39,5
0.4,5
0.41,5
0.42,5
0.43,5
0.44,5
0.45,5
0.46,5
0.47,5
0.48,5
0.49,5
0.5,5
0.51,5
0.52,5
0.53,5
0.54,5
0.55,5
0.56,5
0.57,5
0.58,5
0.59,5
0.6,5
0.61,5
0.62,5
0.63,5
0.64,5
0.65,5
0.66,5
0.67,5
0.68,5
0.69,5
0.7,5
0.71,5
0.72,5
0.73,5
0.74,5
0.75,5
0.76,5
0.77,5
0.78,5
0.79,5
0.8,5
0.81,5
0.82,5
0.83,5
0.84,5
0.85,5
0.86,5
0.87,5
0.88,5
0.89,5
0.9,5
0.91,5
0.92,5
0.93,5
0.94,5
0.95,5
0.96,5
0.97,5
0.98,5
0.99,5
1,5
1.01,5
1.02,5
1.03,5
1.04,5
1.05,5
1.06,5
1.07,5
1.08,5
1.09,5
1.1,5
1.11,5
1.12,5
1.13,5
1.14,5
1.15,5
1.16,5
1.17,5
1.18,5
1.19,5
1.2,5
1.21,5
1.22,5
1.23,5
1.24,5
1.25,5
1.26,5
1.27,5
1.28,5
1.29,5
1.3,5
1.31,5
1.32,5
1.33,5
1.34,5
1.35,5
1.36,5
1.37,5
1.38,5
1.39,5
1.4,5
1.41,5
1.42,5
1.43,5
1.44,5
1.45,5
1.46,5
1.47,5
1.48,5
1.49,5
1.5,5
1.51,5
1.52,5
1.53,5
1.54,5
1.55,5
1.56,5
1.57,5
1.58,5
1.59,5
1.6,5
1.61,5
1.62,5
1.63,5
1.64,5
1.65,5
1.66,5
1.67,5
1.68,5
1.69,5
1.7,5
1.71,5
1.72,5
1.73,5
1.74,5
1.75,5
1.76,5
1.77,5
1.78,5
1.79,5
1.8,5
1.81,5
1.82,5
1.83,5
1.84,5
1.85,5
1.86,5
1.87,5
1.88,5
1.89,5
1.9,5
1.91,5
1.92,5
1.93,5
1.94,5
1.95,5
1.96,5
1.97,5
1.98,5
1.99,5
2,5
2.01,5
2.02,5
2.03,5
2.04,5
2.05,5
2.06,5
2.07,5
2.08,5
2.09,5
2.1,5
2.11,5
2.12,5
2.13,5
2.14,5
2.15,5
2.16,5
2.17,5
2.18,5
2.19,5
2.2,5
2.21,5
2.22,5
2.23,5
2.24,5
2.25,5
2.26,5
2.27,5
2.28,5
2.29,5
2.3,5
2.31,5
2.32,5
2.33,5
2.34,5
2.35,5
2.36,5
2.37,5
2.38,5
2.39,5
2.4,5
2.41,5
2.42,5
2.43,5
2.44,5
2.45,5
2.46,5
2.47,5
2.48,5
2.49,5
2.5,5
2.51,5
2.52,5
2.53,5
2.54,5
2.55,5
2.56,5
2.57,5
2.58,5
2.59,5
2.6,5
2.61,5
2.62,5
2.63,5
2.64,5
2.65,5
2.66,5
2.67,5
2.68,5
2.69,5
2.7,5
2.71,5
2.72,5
2.73,5
2.74,5
2.75,5
2.76,5
2.77,5
2.78,5
2.79,5
2.8,5
2.81,5
2.82,5
2.83,5
2.84,5
2.85,5
2.86,5
2.87,5
2.88,5
2.89,5
2.9,5
2.91,5
2.92,5
2.93,5
2.94,5
2.95,5
2.96,5
2.97,5
2.98,5
2.99,5
3,5
3.01,5
3.02,5
3.03,5
3.04,5
3.05,5
3.06,5
3.07,5
3.08,5
3.09,5
3.1,5
3.11,5
3.12,5
3.13,5
3.14,5
3.15,5
3.16,5
3.17,5
3.18,5
3.19,5
3.2,5
3.21,5
3.22,5
3.23,5
3.24,5
3.25,5
3.26,5
3.27,5
3.28,5
3.29,5
3.3,5
3.31,5
3.32,5
3.33,5
3.34,5
3.35,5
3.36,5
3.37,5
3.38,5
3.39,5
3.4,5
3.41,5
3.42,5
3.43,5
3.44,5
3.45,5
3.46,5
3.47,5
3.48,5
3.49,5
3.5,5
3.51,5
3.52,5
3.53,5
3.54,5
3.55,5
3.56,5
3.57,5
3.58,5
3.59,5
3.6,5
3.61,5
3.62,5
3.63,5
3.64,5
3.65,5
3.66,5
3.67,5
3.68,5
3.69,5
3.7,5
3.71,5
3.72,5
3.73,5
3.74,5
3.75,5
3.76,5
3.77,5
3.78,5
3.79,5
3.8,5
3.81,5
3.82,5
3.83,5
3.84,5
3.85,5
3.86,5
3.87,5
3.88,5
3.89,5
3.9,5
3.91,5
3.92,5
3.93,5
3.94,5
3.95,5
3.96,5
3.97,5
3.98,5
3.99,5
4,5
4.01,5
4.02,5
4.03,5
4.04,5
4.05,5
4.06,5
4.07,5
4.08,5
4.09,5
4.1,5
4.11,5
4.12,5
4.13,5
4.14,5
4.15,5
4.16,5
4.17,5
4.18,5
4.19,5
4.2,5
4.21,5
4.22,5
4.23,5
4.24,5
4.25,5
4.26,5
4.27,5
4.28,5
4.29,5
4.3,5
4.31,5
4.32,5
4.33,5
4.34,5
4.35,5
4.36,5
4.37,5
4.38,5
4.39,5
4.4,5
4.41,5
4.42,5
4.43,5
4.44,5
4.45,5
4.46,5
4.47,5
4.48,5
4.49,5
4.5,5
4.51,5
4.52,5
4.53,5
4.54,5
4.55,5
4.56,5
4.57,5
4.58,5
4.59,5
4.6,5
4.61,5
4.62,5
4.63,5
4.64,5
4.65,5
4.66,5
4.67,5
4.68,5
4.69,5
4.7,5
4.71,5
4.72,5
4.73,5
4.74,5
4.75,5
4.76,5
4.77,5
4.78,5
4.79,5
4.8,5
4.81,5
4.82,5
4.83,5
4.84,5
4.85,5
4.86,5
4.87,5
4.88,5
4.89,5
4.9,5
4.91,5
4.92,5
4.93,5
4.94,5
4.95,5
4.96,5
4.97,5
4.98,5
4.99,5
5,5
5.01,5
5.02,5
5.03,5
5.04,5
5.05,5
5.06,5
5.07,5
5.08,5
5.09,5
5.1,5
5.11,5
5.12,5
5.13,5
5.14,5
5.15,5
5.16,5
5.17,5
5.18,5
5.19,5
5.2,5
5.21,5
5.22,5
5.23,5
5.24,5
5.25,5
5.26,5
5.27,5
5.28,5
5.29,5
5.3,5
5.31,5
5.32,5
5.33,5
5.34,5
5.35,5
5.36,5
5.37,5
5.38,5
5.39,5
5.4,5
5.41,5
5.42,5
5.43,5
5.44,5
5.45,5
5.46,5
5.47,5
5.48,5
5.49,5
5.5,5
5.51,5
5.52,5
5.53,5
5.54,5
5.55,5
5.56,5
5.57,5
5.58,5
5.59,5
5.6,5
5.61,5
5.62,5
5.63,5
5.64,5
5.65,5
5.66,5
5.67,5
5.68,5
5.69,5
5.7,5
5.71,5
5.72,5
5.73,5
5.74,5
5.75,5
5.76,5
5.77,5
5.78,5
5.79,5
5.8,5
5.81,5
5.82,5
5.83,5
5.84,5
5.85,5
5.86,5
5.87,5
5.88,5
5.89,5
5.9,5
5.91,5
5.92,5
5.93,5
5.94,5
5.95,5
5.96,5
5.97,5
5.98,5
5.99,5
6,5
6.01,5
6.02,5
6.03,5
6.04,5
6.05,5
6.06,5
6.07,5
6.08,5
6.09,5
6.1,5
6.11,5
6.12,5
6.13,5
6.14,5
6.15,5
6.16,5
6.17,5
6.18,5
6.19,5
6.2,5
6.21,5
6.22,5
6.23,5
6.24,5
6.25,5
6.26,5
6.27,5
6.28,5
6.29,5
6.3,5
6.31,5
6.32,5
6.33,5
6.34,5
6.35,5
6.36,5
6.37,5
6.38,5
6.39,5
6.4,5
6.41,5
6.42,5
6.43,5
6.44,5
6.45,5
6.46,5
6.47,5
6.48,5
6.49,5
6.5,5
6.51,5
6.52,5
6.53,5
6.54,5
6.55,5
6.56,5
6.57,5
6.58,5
6.59,5
6.6,5
6.61,5
6.62,5
6.63,5
6.64,5
6.65,5
6.66,5
6.67,5
6.68,5
6.69,5
6.7,5
6.71,5
6.72,5
6.73,5
6.74,5
6.75,5
6.76,5
6.77,5
6.78,5
6.79,5
6.8,5
6.81,5
6.82,5
6.83,5
6.84,5
6.85,5
6.86,5
6.87,5
6.88,5
6.89,5
6.9,5
6.91,5
6.92,5
6.93,5
6.94,5
6.95,5
6.96,5
6.97,5
6.98,5
6.99,5
7,5
7.01,5
7.02,5
7.03,5
7.04,5
7.05,5
7.06,5
7.07,5
7.08,5
7.09,5
7.1,5
7.11,5
7.12,5
7.13,5
7.14,5
7.15,5
7.16,5
7.17,5
7.18,5
7.19,5
7.2,5
7.21,5
7.22,5
7.23,5
7.24,5
7.25,5
7.26,5
7.27,5
7.28,5
7.29,5
7.3,5
7.31,5
7.32,5
7.33,5
7.34,5
7.35,5
7.36,5
7.37,5
7.38,5
7.39,5
7.4,5
7.41,5
7.42,5
7.43,5
7.44,5
7.45,5
7.46,5
7.47,5
7.48,5
7.49,5
7.5,5
7.51,5
7.52,5
7.53,5
7.54,5
7.55,5
7.56,5
7.57,5
7.58,5
7.59,5
7.6,5
7.61,5
7.62,5
7.63,5
7.64,5
7.65,5
7.66,5
7.67,5
7.68,5
7.69,5
7.7,5
7.71,5
7.72,5
7.73,5
7.74,5
7.75,5
7.76,5
7.77,5
7.78,5
7.79,5
7.8,5
7.81,5
7.82,5
7.83,5
7.84,5
7.85,5
7.86,5
7.87,5
7.88,5
7.89,5
7.9,5
7.91,5
7.92,5
7.93,5
7.94,5
7.95,5
7.96,5
7.97,5
7.98,5
7.99,5
8,5
8.01,5
8.02,5
8.03,5
8.04,5
8.05,5
8.06,5
8.07,5
8.08,5
8.09,5
8.1,5
8.11,5
8.12,5
8.13,5
8.14,5
8.15,5
8.16,5
8.17,5
8.18,5
8.19,5
8.2,5
8.21,5
8.22,5
8.23,5
8.24,5
8.25,5
8.26,5
8.27,5
8.28,5
8.29,5
8.3,5
8.31,5
8.32,5
8.33,5
8.34,5
8.35,5
8.36,5
8.37,5
8.38,5
8.39,5
8.4,5
8.41,5
8.42,5
8.43,5
8.44,5
8.45,5
8.46,5
8.47,5
8.48,5
8.49,5
8.5,5
8.51,5
8.52,5
8.53,5
8.54,5
8.55,5
8.56,5
8.57,5
8.58,5
8.59,5
8.6,5
8.61,5
8.62,5
8.63,5
8.64,5
8.65,5
8.66,5
8.67,5
8.68,5
8.69,5
8.7,5
8.71,5
8.72,5
8.73,5
8.74,5
8.75,5
8.76,5
8.77,5
8.78,5
8.79,5
8.8,5
8.81,5
8.82,5
8.83,5
8.84,5
8.85,5
8.86,5
8.87,5
8.88,5
8.89,5
8.9,5
8.91,5
8.92,5
8.93,5
8.94,5
8.95,5
8.96,5
8.97,5
8.98,5
8.99,5
9,5
9.01,5
9.02,5
9.03,5
9.04,5
9.05,5
9.06,5
9.07,5
9.08,5
9.09,5
9.1,5
9.11,5
9.12,5
9.13,5
9.14,5
9.15,5
9.16,5
9.17,5
9.18,5
9.19,5
9.2,5
9.21,5
9.22,5
9.23,5
9.24,5
9.25,5
9.26,5
9.27,5
9.28,5
9.29,5
9.3,5
9.31,5
9.32,5
9.33,5
9.34,5
9.35,5
9.36,5
9.37,5
9.38,5
9.39,5
9.4,5
9.41,5
9.42,5
9.43,5
9.44,5
9.45,5
9.46,5
9.47,5
9.48,5
9.49,5
9.5,5
9.51,5
9.52,5
9.53,5
9.54,5
9.55,5
9.56,5
9.57,5
9.58,5
9.59,5
9.6,5
9.61,5
9.62,5
9.63,5
9.64,5
9.65,5
9.66,5
9.67,5
9.68,5
9.69,5
9.7,5
9.71,5
9.72,5
9.73,5
9.74,5
9.75,5
9.76,5
9.77,5
9.78,5
9.79,5
9.8,5
9.81,5
9.82,5
9.83,5
9.84,5
9.85,5
9.86,5
9.87,5
9.88,5
9.89,5
9.9,5
9.91,5
9.92,5
9.93,5
9.94,5
9.95,5
9.96,5
9.97,5
9.98,5
9.99,5
10,5
10.01,5
10.02,5
10.03,5
10.04,5
10.05,5
10.06,5
10.07,5
10.08,5
10.09,5
10.1,5
10.11,5
10.12,5
10.13,5
10.14,5
10.15,5
10.16,5
10.17,5
10.18,5
10.19,5
10.2,5
10.21,5
10.22,5
10.23,5
10.24,5
10.25,5
10.26,5
10.27,5
10.28,5
10.29,5
10.3,5
10.31,5
10.32,5
10.33,5
10.34,5
10.35,5
10.36,5
10.37,5
10.38,5
10.39,5
10.4,5
10.41,5
10.42,5
10.43,5
10.44,5
10.45,5
10.46,5
10.47,5
10.48,5
10.49,5
10.5,5
10.51,5
10.52,5
10.53,5
10.54,5
10.55,5
10.56,5
10.57,5
10.58,5
10.59,5
10.6,5
10.61,5
10.62,5
10.63,5
10.64,5
10.65,5
10.66,5
10.67,5
10.68,5
10.69,5
10.7,5
10.71,5
10.72,5
10.73,5
10.74,5
10.75,5
10.76,5
10.77,5
10.78,5
10.79,5
10.8,5
10.81,5
10.82,5
10.83,5
10.84,5
10.85,5
10.86,5
10.87,5
10.88,5
10.89,5
10.9,5
10.91,5
10.92,5
10.93,5
10.94,5
10.95,5
10.96,5
10.97,5
10.98,5
10.99,5
11,5
11.01,5
11.02,5
11.03,5
11.04,5
11.05,5
11.06,5
11.07,5
11.08,5
11.09,5
11.1,5
11.11,5
11.12,5
11.13,5
11.14,5
11.15,5
11.16,5
11.17,5
11.18,5
11.19,5
11.2,5
11.21,5
11.22,5
11.23,5
11.24,5
11.25,5
11.26,5
11.27,5
11.28,5
11.29,5
11.3,5
11.31,5
11.32,5
11.33,5
11.34,5
11.35,5
11.36,5
11.37,5
11.38,5
11.39,5
11.4,5
11.41,5
11.42,5
11.43,5
11.44,5
11.45,5
11.46,5
11.47,5
11.48,5
11.49,5
11.5,5
11.51,5
11.52,5
11.53,5
11.54,5
11.55,5
11.56,5
11.57,5
11.58,5
11.59,5
11.6,5
11.61,5
11.62,5
11.63,5
11.64,5
11.65,5
11.66,5
11.67,5
11.68,5
11.69,5
11.7,5
11.71,5
11.72,5
11.73,5
11.74,5
11.75,5
11.76,5
11.77,5
11.78,5
11.79,5
11.8,5
11.81,5
11.82,5
11.83,5
11.84,5
11.85,5
11.86,5
11.87,5
11.88,5
11.89,5
11.9,5
11.91,5
11.92,5
11.93,5
11.94,5
11.95,5
11.96,5
11.97,5
11.98,5
11.99,5
12,5
12.01,5
12.02,5
12.03,5
12.04,5
12.05,5
12.06,5
12.07,5
12.08,5
12.09,5
12.1,5
12.11,5
12.12,5
12.13,5
12.14,5
12.15,5
12.16,5
12.17,5
12.18,5
12.19,5
12.2,5
12.21,5
12.22,5
12.23,5
12.24,5
12.25,5
12.26,5
12.27,5
12.28,5
12.29,5
12.3,5
12.31,5
12.32,5
12.33,5
12.34,5
12.35,5
12.36,5
12.37,5
12.38,5
12.39,5
12.4,5
12.41,5
12.42,5
12.43,5
12.44,5
12.45,5
12.46,5
12.47,5
12.48,5
12.49,5
12.5,5
12.51,5
12.52,5
12.53,5
12.54,5
12.55,5
12.56,5
12.57,5
12.58,5
12.59,5
12.6,5
12.61,5
12.62,5
12.63,5
12.64,5
12.65,5
12.66,5
12.67,5
12.68,5
12.69,5
12.7,5
12.71,5
12.72,5
12.73,5
12.74,5
12.75,5
12.76,5
12.77,5
12.78,5
12.79,5
12.8,5
12.81,5
12.82,5
12.83,5
12.84,5
12.85,5
12.86,5
12.87,5
12.88,5
12.89,5
12.9,5
12.91,5
12.92,5
12.93,5
12.94,5
12.95,5
12.96,5
12.97,5
12.98,5
12.99,5
13,5
13.01,5
13.02,5
13.03,5
13.04,5
13.05,5
13.06,5
13.07,5
13.08,5
13.09,5
13.1,5
13.11,5
13.12,5
13.13,5
13.14,5
13.15,5
13.16,5
13.17,5
13.18,5
13.19,5
13.2,5
13.21,5
13.22,5
13.23,5
13.24,5
13.25,5
13.26,5
13.27,5
13.28,5
13.29,5
13.3,5
13.31,5
13.32,5
13.33,5
13.34,5
13.35,5
13.36,5
13.37,5
13.38,5
13.39,5
13.4,5
13.41,5
13.42,5
13.43,5
13.44,5
13.45,5
13.46,5
13.47,5
13.48,5
13.49,5
13.5,5
13.51,5
13.52,5
13.53,5
13.54,5
13.55,5
13.56,5
13.57,5
13.58,5
13.59,5
13.6,5
13.61,5
13.62,5
13.63,5
13.64,5
13.65,5
13.66,5
13.67,5
13.68,5
13.69,5
13.7,5
13.71,5
13.72,5
13.73,5
13.74,5
13.75,5
13.76,5
13.77,5
13.78,5
13.79,5
13.8,5
13.81,5
13.82,5
13.83,5
13.84,5
13.85,5
13.86,5
13.87,5
13.88,5
13.89,5
13.9,5
13.91,5
13.92,5
13.93,5
13.94,5
13.95,5
13.96,5
13.97,5
13.98,5
13.99,5
14,5
14.01,5
14.02,5
14.03,5
14.04,5
14.05,5
14.06,5
14.07,5
14.08,5
14.09,5
14.1,5
14.11,5
14.12,5
14.13,5
14.14,5
14.15,5
14.16,5
14.17,5
14.18,5
14.19,5
14.2,5
14.21,5
14.22,5
14.23,5
14.24,5
14.25,5
14.26,5
14.27,5
14.28,5
14.29,5
14.3,5
14.31,5
14.32,5
14.33,5
14.34,5
14.35,5
14.36,5
14.37,5
14.38,5
14.39,5
14.4,5
14.41,5
14.42,5
14.43,5
14.44,5
14.45,5
14.46,5
14.47,5
14.48,5
14.49,5
14.5,5
14.51,5
14.52,5
14.53,5
14.54,5
14.55,5
14.56,5
14.57,5
14.58,5
14.59,5
14.6,5
14.61,5
14.62,5
14.63,5
14.64,5
14.65,5
14.66,5
14.67,5
14.68,5
14.69,5
14.7,5
14.71,5
14.72,5
14.73,5
14.74,5
14.75,5
14.76,5
14.77,5
14.78,5
14.79,5
14.8,5
14.81,5
14.82,5
14.83,5
14.84,5
14.85,5
14.86,5
14.87,5
14.88,5
14.89,5
14.9,5
14.91,5
14.92,5
14.93,5
14.94,5
14.95,5
14.96,5
14.97,5
14.98,5
14.99,5
15,5
15.01,5
15.02,5
15.03,5
15.04,5
15.05,5
15.06,5
15.07,5
15.08,5
15.09,5
15.1,5
15.11,5
15.12,5
15.13,5
15.14,5
15.15,5
15.16,5
15.17,5
15.18,5
15.19,5
15.2,5
15.21,5
15.22,5
15.23,5
15.24,5
15.25,5
15.26,5
15.27,5
15.28,5
15.29,5
15.3,5
15.31,5
15.32,5
15.33,5
15.34,5
15.35,5
15.36,5
15.37,5
15.38,5
15.39,5
15.4,5
15.41,5
15.42,5
15.43,5
15.44,5
15.45,5
15.46,5
15.47,5
15.48,5
15.49,5
15.5,5
15.51,5
15.52,5
15.53,5
15.54,5
15.55,5
15.56,5
15.57,5
15.58,5
15.59,5
15.6,5
15.61,5
15.62,5
15.63,5
15.64,5
15.65,5
15.66,5
15.67,5
15.68,5
15.69,5
15.7,5
15.71,5
15.72,5
15.73,5
15.74,5
15.75,5
15.76,5
15.77,5
15.78,5
15.79,5
15.8,5
15.81,5
15.82,5
15.83,5
15.84,5
15.85,5
15.86,5
15.87,5
15.88,5
15.89,5
15.9,5
15.91,5
15.92,5
15.93,5
15.94,5
15.95,5
15.96,5
15.97,5
15.98,5
15.99,5
16,5
16.01,5
16.02,5
16.03,5
16.04,5
16.05,5
16.06,5
16.07,5
16.08,5
16.09,5
16.1,5
16.11,5
16.12,5
16.13,5
16.14,5
16.15,5
16.16,5
16.17,5
16.18,5
16.19,5
16.2,5
16.21,5
16.22,5
16.23,5
16.24,5
16.25,5
16.26,5
16.27,5
16.28,5
16.29,5
16.3,5
16.31,5
16.32,5
16.33,5
16.34,5
16.35,5
16.36,5
16.37,5
16.38,5
16.39,5
16.4,5
16.41,5
16.42,5
16.43,5
16.44,5
16.45,5
16.46,5
16.47,5
16.48,5
16.49,5
16.5,5
16.51,5
16.52,5
16.53,5
16.54,5
16.55,5
16.56,5
16.57,5
16.58,5
16.59,5
16.6,5
16.61,5
16.62,5
16.63,5
16.64,5
16.65,5
16.66,5
16.67,5
16.68,5
16.69,5
16.7,5
16.71,5
16.72,5
16.73,5
16.74,5
16.75,5
16.76,5
16.77,5
16.78,5
16.79,5
16.8,5
16.81,5
16.82,5
16.83,5
16.84,5
16.85,5
16.86,5
16.87,5
16.88,5
16.89,5
16.9,5
16.91,5
16.92,5
16.93,5
16.94,5
16.95,5
16.96,5
16.97,5
16.98,5
16.99,5
17,5
17.01,5
17.02,5
17.03,5
17.04,5
17.05,5
17.06,5
17.07,5
17.08,5
17.09,5
17.1,5
17.11,5
17.12,5
17.13,5
17.14,5
17.15,5
17.16,5
17.17,5
17.18,5
17.19,5
17.2,5
17.21,5
17.22,5
17.23,5
17.24,5
17.25,5
17.26,5
17.27,5
17.28,5
17.29,5
17.3,5
17.31,5
17.32,5
17.33,5
17.34,5
17.35,5
17.36,5
17.37,5
17.38,5
17.39,5
17.4,5
17.41,5
17.42,5
17.43,5
17.44,5
17.45,5
17.46,5
17.47,5
17.48,5
17.49,5
17.5,5
17.51,5
17.52,5
17.53,5
17.54,5
17.55,5
17.56,5
17.57,5
17.58,5
17.59,5
17.6,5
17.61,5
17.62,5
17.63,5
17.64,5
17.65,5
17.66,5
17.67,5
17.68,5
17.69,5
17.7,5
17.71,5
17.72,5
17.73,5
17.74,5
17.75,5
17.76,5
17.77,5
17.78,5
17.79,5
17.8,5
17.81,5
17.82,5
17.83,5
17.84,5
17.85,5
17.86,5
17.87,5
17.88,5
17.89,5
17.9,5
17.91,5
17.92,5
17.93,5
17.94,5
17.95,5
17.96,5
17.97,5
17.98,5
17.99,5
18,5
18.01,5
18.02,5
18.03,5
18.04,5
18.05,5
18.06,5
18.07,5
18.08,5
18.09,5
18.1,5
18.11,5
18.12,5
18.13,5
18.14,5
18.15,5
18.16,5
18.17,5
18.18,5
18.19,5
18.2,5
18.21,5
18.22,5
18.23,5
18.24,5
18.25,5
18.26,5
18.27,5
18.28,5
18.29,5
18.3,5
18.31,5
18.32,5
18.33,5
18.34,5
18.35,5
18.36,5
18.37,5
18.38,5
18.39,5
18.4,5
18.41,5
18.42,5
18.43,5
18.44,5
18.45,5
18.46,5
18.47,5
18.48,5
18.49,5
18.5,5
18.51,5
18.52,5
18.53,5
18.54,5
18.55,5
18.56,5
18.57,5
18.58,5
18.59,5
18.6,5
18.61,5
18.62,5
18.63,5
18.64,5
18.65,5
18.66,5
18.67,5
18.68,5
18.69,5
18.7,5
18.71,5
18.72,5
18.73,5
18.74,5
18.75,5
18.76,5
18.77,5
18.78,5
18.79,5
18.8,5
18.81,5
18.82,5
18.83,5
18.84,5
18.85,5
18.86,5
18.87,5
18.88,5
18.89,5
18.9,5
18.91,5
18.92,5
18.93,5
18.94,5
18.95,5
18.96,5
18.97,5
18.98,5
18.99,5
19,5
19.01,5
19.02,5
19.03,5
19.04,5
19.05,5
19.06,5
19.07,5
19.08,5
19.09,5
19.1,5
19.11,5
19.12,5
19.13,5
19.14,5
19.15,5
19.16,5
19.17,5
19.18,5
19.19,5
19.2,5
19.21,5
19.22,5
19.23,5
19.24,5
19.25,5
19.26,5
19.27,5
19.28,5
19.29,5
19.3,5
19.31,5
19.32,5
19.33,5
19.34,5
19.35,5
19.36,5
19.37,5
19.38,5
19.39,5
19.4,5
19.41,5
19.42,5
19.43,5
19.44,5
19.45,5
19.46,5
19.47,5
19.48,5
19.49,5
19.5,5
19.51,5
19.52,5
19.53,5
19.54,5
19.55,5
19.56,5
19.57,5
19.58,5
19.59,5
19.6,5
19.61,5
19.62,5
19.63,5
19.64,5
19.65,5
19.66,5
19.67,5
19.68,5
19.69,5
19.7,5
19.71,5
19.72,5
19.73,5
19.74,5
19.75,5
19.76,5
19.77,5
19.78,5
19.79,5
19.8,5
19.81,5
19.82,5
19.83,5
19.84,5
19.85,5
19.86,5
19.87,5
19.88,5
19.89,5
19.9,5
19.91,5
19.92,5
19.93,5
19.94,5
19.95,5
19.96,5
19.97,5
19.98,5
19.99,5
20,5
20.01,5
20.02,5
20.03,5
20.04,5
20.05,5
20.06,5
20.07,5
20.08,5
20.09,5
20.1,5
20.11,5
20.12,5
20.13,5
20.14,5
20.15,5
20.16,5
20.17,5
20.18,5
20.19,5
20.2,5
20.21,5
20.22,5
20.23,5
20.24,5
20.25,5
20.26,5
20.27,5
20.28,5
20.29,5
20.3,5
20.31,5
20.32,5
20.33,5
20.34,5
20.35,5
20.36,5
20.37,5
20.38,5
20.39,5
20.4,5
20.41,5
20.42,5
20.43,5
20.44,5
20.45,5
20.46,5
20.47,5
20.48,5
20.49,5
20.5,5
20.51,5
20.52,5
20.53,5
20.54,5
20.55,5
20.56,5
20.57,5
20.58,5
20.59,5
20.6,5
20.61,5
20.62,5
20.63,5
20.64,5
20.65,5
20.66,5
20.67,5
20.68,5
20.69,5
20.7,5
20.71,5
20.72,5
20.73,5
20.74,5
20.75,5
20.76,5
20.77,5
20.78,5
20.79,5
20.8,5
20.81,5
20.82,5
20.83,5
20.84,5
20.85,5
20.86,5
20.87,5
20.88,5
20.89,5
20.9,5
20.91,5
20.92,5
20.93,5
20.94,5
20.95,5
20.96,5
20.97,5
20.98,5
20.99,5
21,5
21.01,5
21.02,5
21.03,5
21.04,5
21.05,5
21.06,5
21.07,5
21.08,5
21.09,5
21.1,5
21.11,5
21.12,5
21.13,5
21.14,5
21.15,5
21.16,5
21.17,5
21.18,5
21.19,5
21.2,5
21.21,5
21.22,5
21.23,5
21.24,5
21.25,5
21.26,5
21.27,5
21.28,5
21.29,5
21.3,5
21.31,5
21.32,5
21.33,5
21.34,5
21.35,5
21.36,5
21.37,5
21.38,5
21.39,5
21.4,5
21.41,5
21.42,5
21.43,5
21.44,5
21.45,5
21.46,5
21.47,5
21.48,5
21.49,5
21.5,5
21.51,5
21.52,5
21.53,5
21.54,5
21.55,5
21.56,5
21.57,5
21.58,5
21.59,5
21.6,5
21.61,5
21.62,5
21.63,5
21.64,5
21.65,5
21.66,5
21.67,5
21.68,5
21.69,5
21.7,5
21.71,5
21.72,5
21.73,5
21.74,5
21.75,5
21.76,5
21.77,5
21.78,5
21.79,5
21.8,5
21.81,5
21.82,5
21.83,5
21.84,5
21.85,5
21.86,5
21.87,5
21.88,5
21.89,5
21.9,5
21.91,5
21.92,5
21.93,5
21.94,5
21.95,5
21.96,5
21.97,5
21.98,5
21.99,5
22,5
22.01,5
22.02,5
22.03,5
22.04,5
22.05,5
22.06,5
22.07,5
22.08,5
22.09,5
22.1,5
22.11,5
22.12,5
22.13,5
22.14,5
22.15,5
22.16,5
22.17,5
22.18,5
22.19,5
22.2,5
22.21,5
22.22,5
22.23,5
22.24,5
22.25,5
22.26,5
22.27,5
22.28,5
22.29,5
22.3,5
22.31,5
22.32,5
22.33,5
22.34,5
22.35,5
22.36,5
22.37,5
22.38,5
22.39,5
22.4,5
22.41,5
22.42,5
22.43,5
22.44,5
22.45,5
22.46,5
22.47,5
22.48,5
22.49,5
22.5,5
22.51,5
22.52,5
22.53,5
22.54,5
22.55,5
22.56,5
22.57,5
22.58,5
22.59,5
22.6,5
22.61,5
22.62,5
22.63,5
22.64,5
22.65,5
22.66,5
22.67,5
22.68,5
22.69,5
22.7,5
22.71,5
22.72,5
22.73,5
22.74,5
22.75,5
22.76,5
22.77,5
22.78,5
22.79,5
22.8,5
22.81,5
22.82,5
22.83,5
22.84,5
22.85,5
22.86,5
22.87,5
22.88,5
22.89,5
22.9,5
22.91,5
22.92,5
22.93,5
22.94,5
22.95,5
22.96,5
22.97,5
22.98,5
22.99,5
23,5
23.01,5
23.02,5
23.03,5
23.04,5
23.05,5
23.06,5
23.07,5
23.08,5
23.09,5
23.1,5
23.11,5
23.12,5
23.13,5
23.14,5
23.15,5
23.16,5
23.17,5
23.18,5
23.19,5
23.2,5
23.21,5
23.22,5
23.23,5
23.24,5
23.25,5
23.26,5
23.27,5
23.28,5
23.29,5
23.3,5
23.31,5
23.32,5
23.33,5
23.34,5
23.35,5
23.36,5
23.37,5
23.38,5
23.39,5
23.4,5
23.41,5
23.42,5
23.43,5
23.44,5
23.45,5
23.46,5
23.47,5
23.48,5
23.49,5
23.5,5
23.51,5
23.52,5
23.53,5
23.54,5
23.55,5
23.56,5
23.57,5
23.58,5
23.59,5
23.6,5
23.61,5
23.62,5
23.63,5
23.64,5
23.65,5
23.66,5
23.67,5
23.68,5
23.69,5
23.7,5
23.71,5
23.72,5
23.73,5
23.74,5
23.75,5
23.76,5
23.77,5
23.78,5
23.79,5
23.8,5
23.81,5
23.82,5
23.83,5
23.84,5
23.85,5
23.86,5
23.87,5
23.88,5
23.89,5
23.9,5
23.91,5
23.92,5
23.93,5
23.94,5
23.95,5
23.96,5
23.97,5
23.98,5
23.99,5
24,5
24.01,5
24.02,5
24.03,5
24.04,5
24.05,5
24.06,5
24.07,5
24.08,5
24.09,5
24.1,5
24.11,5
24.12,5
24.13,5
24.14,5
24.15,5
24.16,5
24.17,5
24.18,5
24.19,5
24.2,5
24.21,5
24.22,5
24.23,5
24.24,5
24.25,5
24.26,5
24.27,5
24.28,5
24.29,5
24.3,5
24.31,5
24.32,5
24.33,5
24.34,5
24.35,5
24.36,5
24.37,5
24.38,5
24.39,5
24.4,5
24.41,5
24.42,5
24.43,5
24.44,5
24.45,5
24.46,5
24.47,5
24.48,5
24.49,5
24.5,5
24.51,5
24.52,5
24.53,5
24.54,5
24.55,5
24.56,5
24.57,5
24.58,5
24.59,5
24.6,5
24.61,5
24.62,5
24.63,5
24.64,5
24.65,5
24.66,5
24.67,5
24.68,5
24.69,5
24.7,5
24.71,5
24.72,5
24.73,5
24.74,5
24.75,5
24.76,5
24.77,5
24.78,5
24.79,5
24.8,5
24.81,5
24.82,5
24.83,5
24.84,5
24.85,5
24.86,5
24.87,5
24.88,5
24.89,5
24.9,5
24.91,5
24.92,5
24.93,5
24.94,5
24.95,5
24.96,5
24.97,5
24.98,5
24.99,5
25,5
25.01,5
25.02,5
25.03,5
25.04,5
25.05,5
25.06,5
25.07,5
25.08,5
25.09,5
25.1,5
25.11,5
25.12,5
25.13,5
25.14,5
25.15,5
25.16,5
25.17,5
25.18,5
25.19,5
25.2,5
25.21,5
25.22,5
25.23,5
25.24,5
25.25,5
25.26,5
25.27,5
25.28,5
25.29,5
25.3,5
25.31,5
25.32,5
25.33,5
25.34,5
25.35,5
25.36,5
25.37,5
25.38,5
25.39,5
25.4,5
25.41,5
25.42,5
25.43,5
25.44,5
25.45,5
25.46,5
25.47,5
25.48,5
25.49,5
25.5,5
25.51,5
25.52,5
25.53,5
25.54,5
25.55,5
25.56,5
25.57,5
25.58,5
25.59,5
25.6,5
25.61,5
25.62,5
25.63,5
25.64,5
25.65,5
25.66,5
25.67,5
25.68,5
25.69,5
25.7,5
25.71,5
25.72,5
25.73,5
25.74,5
25.75,5
25.76,5
25.77,5
25.78,5
25.79,5
25.8,5
25.81,5
25.82,5
25.83,5
25.84,5
25.85,5
25.86,5
25.87,5
25.88,5
25.89,5
25.9,5
25.91,5
25.92,5
25.93,5
25.94,5
25.95,5
25.96,5
25.97,5
25.98,5
25.99,5
26,5
26.01,5
26.02,5
26.03,5
26.04,5
26.05,5
26.06,5
26.07,5
26.08,5
26.09,5
26.1,5
26.11,5
26.12,5
26.13,5
26.14,5
26.15,5
26.16,5
26.17,5
26.18,5
26.19,5
26.2,5
26.21,5
26.22,5
26.23,5
26.24,5
26.25,5
26.26,5
26.27,5
26.28,5
26.29,5
26.3,5
26.31,5
26.32,5
26.33,5
26.34,5
26.35,5
26.36,5
26.37,5
26.38,5
26.39,5
26.4,5
26.41,5
26.42,5
26.43,5
26.44,5
26.45,5
26.46,5
26.47,5
26.48,5
26.49,5
26.5,5
26.51,5
26.52,5
26.53,5
26.54,5
26.55,5
26.56,5
26.57,5
26.58,5
26.59,5
26.6,5
26.61,5
26.62,5
26.63,5
26.64,5
26.65,5
26.66,5
26.67,5
26.68,5
26.69,5
26.7,5
26.71,5
26.72,5
26.73,5
26.74,5
26.75,5
26.76,5
26.77,5
26.78,5
26.79,5
26.8,5
26.81,5
26.82,5
26.83,5
26.84,5
26.85,5
26.86,5
26.87,5
26.88,5
26.89,5
26.9,5
26.91,5
26.92,5
26.93,5
26.94,5
26.95,5
26.96,5
26.97,5
26.98,5
26.99,5
27,5
27.01,5
27.02,5
27.03,5
27.04,5
27.05,5
27.06,5
27.07,5
27.08,5
27.09,5
27.1,5
27.11,5
27.12,5
27.13,5
27.14,5
27.15,5
27.16,5
27.17,5
27.18,5
27.19,5
27.2,5
27.21,5
27.22,5
27.23,5
27.24,5
27.25,5
27.26,5
27.27,5
27.28,5
27.29,5
27.3,5
27.31,5
27.32,5
27.33,5
27.34,5
27.35,5
27.36,5
27.37,5
27.38,5
27.39,5
27.4,5
27.41,5
27.42,5
27.43,5
27.44,5
27.45,5
27.46,5
27.47,5
27.48,5
27.49,5
27.5,5
27.51,5
27.52,5
27.53,5
27.54,5
27.55,5
27.56,5
27.57,5
27.58,5
27.59,5
27.6,5
27.61,5
27.62,5
27.63,5
27.64,5
27.65,5
27.66,5
27.67,5
27.68,5
27.69,5
27.7,5
27.71,5
27.72,5
27.73,5
27.74,5
27.75,5
27.76,5
27.77,5
27.78,5
27.79,5
27.8,5
27.81,5
27.82,5
27.83,5
27.84,5
27.85,5
27.86,5
27.87,5
27.88,5
27.89,5
27.9,5
27.91,5
27.92,5
27.93,5
27.94,5
27.95,5
27.96,5
27.97,5
27.98,5
27.99,5
28,5
28.01,5
28.02,5
28.03,5
28.04,5
28.05,5
28.06,5
28.07,5
28.08,5
28.09,5
28.1,5
28.11,5
28.12,5
28.13,5
28.14,5
28.15,5
28.16,5
28.17,5
28.18,5
28.19,5
28.2,5
28.21,5
28.22,5
28.23,5
28.24,5
28.25,5
28.26,5
28.27,5
28.28,5
28.29,5
28.3,5
28.31,5
28.32,5
28.33,5
28.34,5
28.35,5
28.36,5
28.37,5
28.38,5
28.39,5
28.4,5
28.41,5
28.42,5
28.43,5
28.44,5
28.45,5
28.46,5
28.47,5
28.48,5
28.49,5
28.5,5
28.51,5
28.52,5
28.53,5
28.54,5
28.55,5
28.56,5
28.57,5
28.58,5
28.59,5
28.6,5
28.61,5
28.62,5
28.63,5
28.64,5
28.65,5
28.66,5
28.67,5
28.68,5
28.69,5
28.7,5
28.71,5
28.72,5
28.73,5
28.74,5
28.75,5
28.76,5
28.77,5
28.78,5
28.79,5
28.8,5
28.81,5
28.82,5
28.83,5
28.84,5
28.85,5
28.86,5
28.87,5
28.88,5
28.89,5
28.9,5
28.91,5
28.92,5
28.93,5
28.94,5
28.95,5
28.96,5
28.97,5
28.98,5
28.99,5
29,5
29.01,5
29.02,5
29.03,5
29.04,5
29.05,5
29.06,5
29.07,5
29.08,5
29.09,5
29.1,5
29.11,5
29.12,5
29.13,5
29.14,5
29.15,5
29.16,5
29.17,5
29.18,5
29.19,5
29.2,5
29.21,5
29.22,5
29.23,5
29.24,5
29.25,5
29.26,5
29.27,5
29.28,5
29.29,5
29.3,5
29.31,5
29.32,5
29.33,5
29.34,5
29.35,5
29.36,5
29.37,5
29.38,5
29.39,5
29.4,5
29.41,5
29.42,5
29.43,5
29.44,5
29.45,5
29.46,5
29.47,5
29.48,5
29.49,5
29.5,5
29.51,5
29.52,5
29.53,5
29.54,5
29.55,5
29.56,5
29.57,5
29.58,5
29.59,5
29.6,5
29.61,5
29.62,5
29.63,5
29.64,5
29.65,5
29.66,5
29.67,5
29.68,5
29.69,5
29.7,5
29.71,5
29.72,5
29.73,5
29.74,5
29.75,5
29.76,5
29.77,5
29.78,5
29.79,5
29.8,5
29.81,5
29.82,5
29.83,5
29.84,5
29.85,5
29.86,5
29.87,5
29.88,5
29.89,5
29.9,5
29.91,5
29.92,5
29.93,5
29.94,5
29.95,5
29.96,5
29.97,5
29.98,5
29.99,5
30,5
